"Name","Pos.","Weight","Height","Body.Fat","Vertical","Wingspan","Standing.Reach","T.Q..Spring","L.A.T.","Season","NSeasons"
"Malik Allen","PF-C",271,0,0,29,86.5,109,3.38,11.83,2000,10
"Harold Arceneaux","SG-SF",219,0,0,29,80.5,103,0,13.8,2000,0
"Lamont Barnes","PF-C",235.5,0,0,29.5,87.5,108,3.4,12.3,2000,0
"Mario Bland","PF",287,0,0,31,84,103,3.47,13.04,2000,0
"Primoz Brezec","C",243,0,0,29.5,86,110,3.55,11.53,2000,8
"Ernest Brown","C",222.5,0,0,0,85.25,109.5,0,0,2000,1
"Speedy Claxton","PG",166,0,0,42.5,72,94.5,3.06,10.48,2000,7
"Eric Coley","SG-SF",205,0,0,38,83,102,3.15,11.4,2000,0
"Ed Cota","PG",189,0,0,33.5,76,96.5,3.24,10.98,2000,0
"Schea Cotton","SF",219.5,0,0,38,79,100,3,11.55,2000,0
"Jamal Crawford","PG-SG",175,0,0,0,82,102.5,0,0,2000,18
"Caswell Cyrus","PF",220.5,0,0,37.5,86,107.5,3.16,12.12,2000,0
"Khalid El-Amin","PG",200,0,0,32,73.5,93,3.32,10.59,2000,1
"Vassil Evtimov","PF",262,0,0,28.5,82.5,106.5,3.52,11.75,2000,0
"Antonis Fotsis","SF",219,0,0,30,80.5,106,3.44,11.6,2000,1
"Eddie Gill","PG",176,0,0,38.5,76,93,3.18,11.12,2000,7
"Ceedric Goodwyn","SF-PF",238,0,0,0,82,104.5,0,0,2000,0
"Marcus Goree","SF-PF",239,0,0,33.5,84.5,105.5,3.25,12,2000,0
"A.J. Granger","SF",227,0,0,34,81.5,103,3.25,10.73,2000,0
"A.J. Guyton","PG-SG",175,0,0,37.5,75.75,97.5,3.22,10.55,2000,3
"Ron Hale","SG-SF",202,0,0,34.5,83,104.5,3.2,12.58,2000,0
"Jason Hart","PG",181,0,0,33.5,78,97.5,3.34,11.7,2000,9
"Donnell Harvey","PF",220,0,0,32.5,84.5,105.5,0,11.23,2000,5
"Johnny Hemsley","SG-SF",200,0,0,35,80,100.5,3.19,11.5,2000,0
"Michael Hermon","SG-PG",195,0,0,33,78.25,98.5,3.25,11.79,2000,0
"Cory Hightower","SG-SF",183,0,0,34.5,83,101.5,3.37,11.92,2000,0
"Shaheen Holloway","PG",174,0,0,0,70,91,3.32,11.22,2000,0
"Eddie House","SG-PG",176.5,0,0,38.5,75.5,95,3.27,11.12,2000,11
"Jimmie Hunter","SG-PG",170,0,0,36,80,100,3.35,11.23,2000,0
"Jacob Jaacks","PF",238,0,0,32,83,105.5,3.58,11.48,2000,0
"Marko Jaric","SG-SF",210,0,0,33,81,104,3.28,11.32,2000,7
"Nate Johnson","SF",211.5,0,0,33.5,80.5,104,3.33,11.9,2000,0
"Kenyon Jones","PF-C",282,0,0,30,85,108,3.6,12.44,2000,0
"Mark Karcher","SG",218,0,0,30.5,80,102.5,3.4,11.51,2000,0
"Brandon Kurtz","PF-C",257,0,0,0,83.25,106.5,0,0,2000,0
"Dan Langhi","SF",197.5,0,0,34.5,80,104,3.24,10.85,2000,4
"Justin Love","PG-SG",205.5,0,0,38.5,76.5,97.5,3.31,10.99,2000,0
"Mark Madsen","PF",236.5,0,0,33.5,84.5,104.5,3.46,12.12,2000,9
"Dan McClintock","C-PF",250,0,0,35,85.5,107,3.33,11.52,2000,1
"Pete Mickeal","SG-SF",222,0,0,34.5,81.5,103.5,3.06,10.83,2000,0
"Brian Montonati","PF",215,0,0,29,82.5,106,3.53,11.85,2000,0
"Gabe Muoneke","PF-SF",244,0,0,34,84.5,105,3.4,11,2000,0
"Ndongo N'diaye","C",208,0,0,27.5,87.5,112.5,3.69,13.16,2000,0
"Eduardo Najera","PF-SF",234.5,0,0,35,83.5,104.5,3.45,11.38,2000,12
"Matthew Nielsen","PF",223,0,0,29,82.5,106,3.35,11.28,2000,0
"Chris Porter","SF-PF",214,0,0,35,81.5,103.5,3.2,10.93,2000,1
"Lavor Postell","SG",205,0,0,36.5,80.5,101.5,3.3,11.79,2000,3
"Igor Rakocevic","PG",184,0,0,34,77.25,100,3.1,10.4,2000,1
"Reed Rawlings","SG-SF",218,0,0,33.5,81.25,104,3.27,11.1,2000,0
"Michael Redd","SG-SF",214,0,0,31,81,102,3.34,12.06,2000,12
"Damon Reed","PF-C",228,0,0,31.5,81.5,104.5,3.31,11.21,2000,0
"Aubrey Reese","PG",189,0,0,37.5,77.5,94.5,3.25,11.13,2000,0
"Terrance Roberson","SF",209,0,0,32.5,80,103.5,0,11.66,2000,1
"Julius Doc Robinson","PG",184,0,0,37.5,75.75,95.5,3.41,12.54,2000,0
"Pepe Sanchez","PG",194,0,0,31,75.5,96,3.44,11.62,2000,2
"Matt Santangelo","PG",177,0,0,43,75,94,3.06,10.66,2000,0
"Alex Scales","SG-PG",184.5,0,0,42.5,81,97.5,3.21,10.98,2000,1
"Karim Shabazz","C",224,0,0,28,87,111.5,3.36,12.72,2000,0
"Nick Sheppard","PF-C",273,0,0,25.5,83,107.5,3.52,12.14,2000,0
"Jabari Smith","PF-C",240.5,0,0,30,86.5,109.5,3.43,12.45,2000,4
"Mike Smith","SF",198,0,0,21,80.5,103,3.22,11.32,2000,1
"Jarrett Stephens","PF",258,0,0,29,81.25,103,3.46,11.98,2000,0
"Bootsy Thornton","SG",194.5,0,0,31,78.5,101.5,3.33,12.08,2000,0
"Jaquay Walls","PG",165.5,0,0,35.5,74.5,96.5,3.23,10.75,2000,0
"Jameel Watkins","PF-C",244.5,0,0,30.5,90,110,3.45,12.38,2000,0
"Adam Allenspach","C",259,0,12.4,31,84.5,107,3.4,11.9,2001,0
"Gilbert Arenas","SG",199,0,5.3,36,81.5,99.5,3.25,0,2001,11
"Brandon Armstrong","SG",188,0,9.3,37,81.5,99.5,3.2,10.91,2001,3
"Shane Battier","SF-PF",229,0,9.3,33,82.5,105,3.3,10.95,2001,13
"Cookie Belcher","SG-PG",206,0,5.3,41.5,80.5,99,2.91,11.26,2001,0
"Charlie Bell","PG",200,0,6.7,38,79.5,97.5,3.12,10.59,2001,7
"Ruben Boumtje-Boumtje","C",245,0,6,31,88,111,3.33,11.84,2001,3
"Calvin Bowman","PF",214,0,8.6,34.5,83.5,104,3.21,11.96,2001,0
"Michael Bradley","PF",227,0,9.3,30,85.5,107,3.35,11.11,2001,5
"Jamison Brewer","PG",178,0,6.7,32.5,80.75,102.5,3.15,9.65,2001,4
"Damone Brown","SF",202,0,6.7,37,83.75,104.5,3.27,11.81,2001,4
"Kwame Brown","PF-C",243,0,8.9,33,85,108,3.45,11.59,2001,12
"SirValiant Brown","PG",176,0,6.7,39.5,76,92.5,3,11.23,2001,0
"Ryan Carroll","SF-SG",202,0,8,39,80.25,99,3.1,11,2001,0
"Tyson Chandler","SF-PF",224,0,6.7,33.5,87,110,3.36,12.13,2001,17
"Eric Chenowith","C",264,0,12.9,27.5,88,111,3.59,12.5,2001,0
"Sam Clancy","PF",242,0,8,34,86.75,107,3.13,11.47,2001,0
"Gyasi Cline-Heard","PF",231,0,8,34.5,83.5,103,3.23,11.4,2001,0
"Jarron Collins","C-PF",252,0,15.2,29,87,104,3.6,11.65,2001,10
"Jason Collins","PF-C",251,0,12.9,28.5,88.5,110,3.54,12.1,2001,13
"Omar Cook","PG",189,0,5.5,35.5,77.5,92,3.2,10.77,2001,2
"Eddy Curry","C",301,0,16.5,31,90.5,111,3.53,12.25,2001,11
"Tate Decker","SF",218,0,13.6,28.5,83.75,107,3.47,12.19,2001,0
"DeSagana Diop","C",314,0,21,25.5,90.5,113,3.56,12.37,2001,12
"Robb Dryden","C",241,0,8,30,86.5,110.2,3.46,12.47,2001,0
"Anthony Evans","PF",267,0,12.9,33,83.5,101.5,3.31,12.56,2001,0
"Maurice Evans","SG",221,0,4,37.5,80,101,3.12,10.08,2001,9
"Benjamin Eze","C-PF",232,0,3.9,32,90,109,3.36,13.05,2001,0
"Kimani Ffriend","C-PF",228,0,11.7,33,82.75,108.5,3.09,11.46,2001,0
"Alton Ford","PF",271,0,8,36.5,82.5,102.5,3.16,11.7,2001,3
"Joseph Forte","SG",193,0,0,33,78.5,100.5,3.19,11.51,2001,2
"Jason Gardner","PG",188,0,8,40,73.25,92.5,2.92,10.88,2001,0
"Jerry Green","PG-SG",179,0,5.5,35,78.25,99,3.17,11.7,2001,0
"Kenny Gregory","SF",200,0,6.7,45.5,83.25,101,3.1,11.33,2001,0
"Eddie Griffin","PF-SF",222,0,4,33,87,110,3.21,11.77,2001,5
"Trenton Hassell","SG-SF",205,0,5.3,37.5,80,99.5,3.29,11.57,2001,9
"Kirk Haston","PF-SF",242,0,10.5,31.5,84.25,106,3.35,12.25,2001,2
"Charles Hathaway","C",274,0,0,0,86,107.5,0,0,2001,0
"Brendan Haywood","C",266,0,12.9,28.5,90.5,113.5,3.5,12.87,2001,13
"Michael Hicks","SG",197,0,7.3,40.5,81.25,100.5,3.19,11.38,2001,0
"Steven Hunter","C-PF",224,0,5.3,38.5,88,108,3.15,11.99,2001,8
"Andre Hutson","PF",244,0,11.7,32.5,83.75,105.5,3.3,11.25,2001,0
"Nate James","SF",196,0,6,31,82.75,103,3.31,11.42,2001,0
"Richard Jefferson","SF",223,0,6.7,38.5,84,103,3.15,11.19,2001,17
"Horace Jenkins","PG",171,0,6,41,77.25,97,3.1,10.97,2001,1
"Darrell Johns","C",278,0,19.1,30,89,111.5,3.59,12.41,2001,0
"Joe Johnson","SF-SG",226,0,6.7,36.5,81,105,3.4,12.05,2001,17
"Ken Johnson","C",227,0,9.9,35,88,109.5,3.12,11.27,2001,1
"Darren Kelly","SG-PG",178,0,6.7,34.5,78.75,100,3.21,11.38,2001,0
"Sean Lampley","SF",213,0,8,40,81.25,101,3.12,11.06,2001,2
"Zach Marbury","PG-SG",183,0,6.7,36.5,75.5,96.5,3.1,11.53,2001,0
"Mike Mardesich","C-PF",247,0,13.6,30,84.5,108.5,3.45,11.65,2001,0
"DeMarcus Minor","SG",207,0,6.7,41,80.25,99.5,3.15,10.57,2001,0
"Jamario Moon","SF",185,0,5.3,43,83.5,103,3.08,11.64,2001,5
"Troy Murphy","PF",230,0,11.7,34.5,83,105.5,3.43,11.22,2001,12
"Troy Ostler","PF-SF",200,0,8,29.5,85.5,106.5,3.5,13.42,2001,0
"Lazaros Papadopoulos","C-PF",227,0,11.7,26,86.5,110.5,3.7,12,2001,0
"Rashad Phillips","PG",166,0,12.4,32,73.5,92,3.27,11.93,2001,0
"Demetrius Porter","PG",178,0,12.4,31,74.75,94,3.34,11.5,2001,0
"Martin Rancik","PF-SF",230,0,8,37,80,102.5,3.19,10.77,2001,0
"Jason Richardson","SF-SG",213,0,5.3,39.5,83.5,102.5,3.12,11.75,2001,13
"Norman Richardson","SG",180,0,6,35.5,76.5,99,3.15,10.97,2001,0
"Jeryl Sasser","PG-SG",194,0,6.7,34,82.5,103.5,3.22,11.47,2001,2
"Kenny Satterfield","PG",176,0,6.7,33,76.5,98,3.2,12.05,2001,2
"Brian Scalabrine","PF-SF",241,0,13.6,30.5,81.75,105.5,3.47,11.75,2001,11
"Lee Scruggs","PF-SF",209,0,10.5,29.5,89.75,110.5,3.55,13.28,2001,0
"Bobby Simmons","SF",235,0,6.7,34,84.25,105,3.41,11.69,2001,10
"Will Solomon","PG-SG",172,0,4,35,81.5,99.5,3.22,11.3,2001,2
"Greg Stevenson","SF",215,0,7.3,35.5,84.5,102,3.23,11.29,2001,0
"Damone Thornton","PF",235,0,8,37.5,85.75,103.7,3.2,11.17,2001,0
"Jamaal Tinsley","PG",199,0,13.6,37.5,79.5,97.5,3.2,11.96,2001,11
"Tory Walker","SF",187,0,6.7,33,83.25,104.5,3.25,11.95,2001,0
"Souleymane Wane","C",235,0,11.2,30.5,89,109,3.46,12.02,2001,0
"Earl Watson","PG",184,0,4,37.5,78.75,97,3.19,10.97,2001,13
"Rodney White","SF",243,0,9.3,33,83.5,104.5,3.47,12.07,2001,4
"Loren Woods","C-PF",246,0,9.3,28,89.5,113,3.48,11.83,2001,6
"Brent Wright","PF-SF",236,0,12.4,29,85.5,105.5,3.3,12.25,2001,0
"Michael Wright","PF",247,0,9.3,33.5,83.5,106.5,3.21,11.37,2001,0
"Steve Logan","PG",207,0,0,0,71.75,92.5,0,0,2002,0
"Nene ","PF",253,0,0,34,88.5,109,3.19,10.73,2002,0
"Robert Archibald","PF-C",250,0,0,27.5,83.75,109.5,3.33,11.34,2002,2
"Maurice Baker","PG",178,0,0,33,76,96,3.29,12.19,2002,1
"Matt Barnes","SF",226,0,0,40.5,81,96.5,3.28,10.68,2002,14
"Lubos Barton","SF-SG",221,0,0,31.5,84,107,3.31,11.2,2002,0
"Lonny Baxter","PF-C",264,0,0,32.5,85.5,107.5,3.21,11.77,2002,4
"Lee Benson","SF-PF",217,0,0,32.5,85.75,109,3.29,11.44,2002,0
"Carlos Boozer","PF",258,0,0,28.5,86.25,108.5,3.31,10.77,2002,13
"Curtis Borchardt","C",238,0,0,27,86.5,112,3.63,12.56,2002,2
"J.R. Bremer","SG-PG",188,0,0,35.5,74.25,96,3.1,10.93,2002,2
"Brian Brown","PG-SG",194,0,0,33,79,99,3.29,11.43,2002,0
"Sylvere Bryan","PF",226,0,0,29.5,88.5,109.5,3.2,12.03,2002,0
"Chris Burgess","C",246,0,0,31,83.5,109,3.37,11.58,2002,0
"Caron Butler","SF-SG",222,0,0,31,83.5,103.5,3.33,12.15,2002,14
"Rasual Butler","SF",198,0,0,37.5,84,105.5,3.29,11.54,2002,13
"Mire Chatman","PG-SG",174,0,0,33,78,98,3.18,11.12,2002,0
"Chris Christoffersen","C",291,0,0,31,87.5,109,3.39,12.55,2002,0
"Lenny Cooke","SG-SF",214,0,0,0,85,107,0,0,2002,0
"Craig Dawson","SG-SF",200,0,0,30,78.25,102,3.25,12.06,2002,0
"Mike Dunleavy","SF",230,0,0,29,81,106,3.3,11.55,2002,15
"Teddy Dupay","PG",178,0,0,33,70.75,90.5,3.19,10.53,2002,0
"Corsley Edwards","PF",285,0,0,33,82.75,106.5,3.31,12.18,2002,1
"Andy Ellis","PF",220,0,0,35.5,82.25,102,3.34,11.69,2002,0
"Melvin Ely","PF",240,0,0,29,88,111,3.35,11.96,2002,9
"Reggie Evans","PF",250,0,0,29.5,86.5,107.5,3.26,12.73,2002,13
"Peter Fehse","PF-C",220,0,0,0,84.5,109,0,0,2002,0
"Drew Gooden","PF",227,0,0,33,84.5,106.5,3.19,11.81,2002,14
"David Graves","SG",212,0,0,29.5,79,101,3.27,11.2,2002,0
"Lynn Greer","PG",170,0,0,36.5,73,94.5,3.16,11.24,2002,1
"Rod Grizzard","SF-SG",193,0,0,0,84,107,0,0,2002,0
"Anthony Grundy","PG-SG",167,0,0,32,79.75,99,3.39,11.1,2002,1
"Marcus Haislip","PF",221,0,0,36.5,84,107,3.21,11.35,2002,4
"Damon Hancock","SG-PG",203,0,0,35,78,99.5,3.03,11.62,2002,0
"Greg Harrington","PG",183,0,0,34,75.75,97,3.32,12.06,2002,0
"Udonis Haslem","PF",250,0,0,33.5,83,107,3.31,11.8,2002,15
"Cordell Henry","PG",155,0,0,37.5,73,92,3.04,11.3,2002,0
"Randy Holcomb","SF-PF",225,0,0,35.5,85,105,3.22,12.85,2002,1
"Ryan Humphrey","PF-SF",223,0,0,37.5,84,104.5,3.2,11.75,2002,3
"Jared Jeffries","PF",230,0,0,30,84.5,109,3.4,11.73,2002,11
"Jason Jennings","C",249,0,0,32,91,111,3.62,11.92,2002,0
"Fred Jones","SG",218,0,0,37.5,84,100,3.13,11.12,2002,7
"Lonnie Jones","C-PF",230,0,0,31.5,86.25,112,3.33,11.8,2002,0
"Mario Kasun","C",260,0,0,0,83.5,109,0,0,2002,2
"Sean Kennedy","PG",182,0,0,26.5,74.5,96,3.28,11.64,2002,0
"Kris Lang","C-PF",242,0,0,29,83.75,109,3.24,11.36,2002,0
"Muhammed Lasege","C-PF",228,0,0,30,86,108.5,3.29,12.96,2002,0
"Kevin Lyde","C-PF",278,0,0,30.5,86,109.5,3.36,12.97,2002,0
"Tito Maddox","PG",200,0,0,32.5,77,99,3.24,12.2,2002,1
"Kei Madison","SF",216,0,0,34.5,84.5,107,3.22,11.74,2002,0
"Chris Massie","PF",248,0,0,0,84,107,0,0,2002,0
"Immanuel McElroy","SG",191,0,0,0,78.5,100,0,0,2002,0
"Aaron McGhee","PF-SF",255,0,0,28.5,82,105.5,0,12.24,2002,0
"Elvin Mims","SF-SG",211,0,0,38,85.5,105.5,3.22,11.17,2002,0
"Byron Mouton","SG-SF",213,0,0,30,82.25,102,3.1,11.84,2002,0
"Ronald Murray","SG",197,0,0,36.5,79.5,100.5,3.16,11.13,2002,8
"Uche Okafor","PF-C",229,0,0,25,89.5,112,3.34,14.45,2002,0
"Chris Owens","PF-SF",237,0,0,0,83.5,104,0,0,2002,1
"Jannero Pargo","PG",168,0,0,29.5,74.5,96,3.2,11.11,2002,11
"Smush Parker","PG-SG",179,0,0,28.5,82,107.5,3.26,12.3,2002,5
"Luke Recker","SG-SF",198,0,0,31,79,101,3.27,10.78,2002,0
"Rolan Roberts","PF",241,0,0,37.5,85,105.5,3.33,11.36,2002,0
"Travis Robinson","SF",211,0,0,33,82.5,104.5,3.43,11.96,2002,0
"Kareem Rush","SG-SF",199,0,0,30,81.75,103.5,3.22,11.86,2002,7
"Brooks Sales","PF-C",232,0,0,29.5,82,108,3.29,11.05,2002,0
"John Salmons","SF-SG",207,0,0,34.5,82.25,104,3.25,11.35,2002,13
"Predrag Savovic","SG",212,0,0,28.5,79,102,3.38,10.94,2002,1
"Julian Sensley","PF-SF",228,0,0,31.5,83.5,105.5,3.32,11.85,2002,0
"Israel Sheinfeld","PF-C",239,0,0,0,81.75,106.5,0,0,2002,0
"Preston Shumpert","SF",197,0,0,29,80.5,103.5,3.24,11.03,2002,0
"Tamar Slay","SF",203,0,0,38,83.5,104,3.09,10.94,2002,3
"Darius Songaila","PF",240,0,0,29.5,85,108.5,3.52,11.69,2002,8
"Amar'e Stoudemire","PF",233,0,0,35.5,85.75,108.5,3.25,11.19,2002,14
"Marcus Taylor","PG",181,0,0,33.5,76.5,98.5,3.31,11.25,2002,0
"Jobey Thomas","SG",183,0,0,32,77.75,99.5,3.3,11.46,2002,0
"Dajuan Wagner","PG-SG",193,0,0,35,74,99,3.22,12.03,2002,4
"Chris Wilcox","PF-C",218,0,0,34.5,85,107.5,3.16,11.43,2002,11
"Frank Williams","PG",212,0,0,31,80,100.5,3.29,11.73,2002,3
"George Williams","PF-SF",214,0,0,39,84.5,103,3.24,11.21,2002,0
"Jay Williams","PG",197,0,0,36,75.5,97,3.09,10.34,2002,1
"Qyntel Woods","SF-SG",213,0,0,34.5,82,105,3.23,11.94,2002,4
"Vincent Yarbrough","SF",202,0,0,34,84.5,104.5,3.32,11.7,2002,1
"Aloysius Anagonye","PF",257,0,10.5,34.5,86.5,106,3.3,12.93,2003,0
"Rick Anderson","SF-PF",216,0,9.9,30.5,83,106.5,3.4,11.23,2003,0
"Carmelo Anthony","SF",233,0,8,33.5,84,105.5,3.15,11.4,2003,15
"Jerome Beasley","SF-PF",237,0,9.9,32,84.5,107,3.25,11.36,2003,1
"Troy Bell","PG",178,0,5.3,41,77,97.5,3.06,10.89,2003,1
"LaVell Blanchard","SF",205,0,11.7,36.5,78,101.5,3.38,11.64,2003,0
"Keith Bogans","SG",213,0,8,35,81.25,101,3.25,11.43,2003,11
"Matt Bonner","PF-SF",242,0,13.6,32,80.75,105.5,3.32,11.52,2003,12
"Chris Bosh","PF",225,0,8,33,87.5,109,3.3,11.8,2003,13
"Jermaine Boyette","PG-SG",187,0,7.3,35.5,76,96,3.07,11.2,2003,0
"Souleymane Camara","PF-SF",211,0,9.9,34.5,86.25,109,3.2,11.51,2003,0
"Matt Carroll","SG-SF",207,0,6.7,33.5,78.5,98.5,3.35,11.11,2003,10
"Nick Collison","PF",255,0,17,33,85.5,108,3.28,11.62,2003,14
"Brian Cook","PF-SF",234,0,10.5,29,86,109,3.45,11.87,2003,9
"Joel Cornette","PF-SF",239,0,12.9,32.5,81.25,105.5,3.14,11.27,2003,0
"Marquis Daniels","SG-PG",198,0,4,35,82,103.5,3.25,11.62,2003,10
"Aleksander Djuric","C-PF",253,0,16.3,27.5,84,108,3.65,11.97,2003,0
"Ruben Douglas","SG",193,0,6,35,79.25,100.5,3.27,11.95,2003,0
"Ronald Dupree","SF-SG",209,0,6.7,41.5,80.25,101,3.23,11.09,2003,6
"Carl English","SG-PG",201,0,8,34,77.25,98.5,3.32,11.77,2003,0
"Ebi Ere","SG",210,0,14.1,33.5,82.5,102,3.16,11.38,2003,0
"Marquis Estill","PF-C",257,0,11.7,36,88,108,3.31,12.92,2003,0
"T.J. Ford","PG",162,0,6.7,39.5,71.5,93.5,3.2,11.45,2003,8
"Jason Gardner","PG",194,0,9.3,35,73,92,3.17,10.62,2003,0
"Willie Green","SG-PG",201,0,8,28.5,79.25,100,3.19,11.86,2003,12
"Justin Hamilton","PG-SG",217,0,8,37.5,83,103,3.18,11.18,2003,3
"Travis Hansen","SG",200,0,6,35,78.5,100.5,3.18,10.72,2003,1
"Trevor Harvey","C-PF",245,0,10.5,32,85,109.5,3.32,11.85,2003,0
"Marcus Hatten","PG",163,0,4,37.5,78.25,98,3.15,11.5,2003,0
"Kirk Hinrich","PG-SG",186,0,5.3,33.5,78,98.5,3.1,10.98,2003,13
"Jerry Holman","PF",232,0,6,37.5,87.25,109.5,3.24,11.54,2003,0
"Sam Hoskin","PF",261,0,0,0,82.75,107.5,0,0,2003,0
"Josh Howard","SF-SG",202,0,6,36.5,86,105.5,3.09,10.89,2003,10
"Brandon Hunter","PF",266,0,8,35,86.75,105.5,3.21,11.13,2003,2
"Sani Ibrahim","C-PF",229,0,9.3,30.5,85,109.5,3.4,13.02,2003,0
"Michael Ignerski","PF-SF",232,0,10.5,33,82.75,107,3.13,11.21,2003,0
"Robert Jackson","PF-C",254,0,15.9,26,84,107.5,3.25,11.26,2003,0
"LeBron James","SF-SG",245,0,6.7,0,84.25,106.25,0,0,2003,15
"Britton Johnsen","SF-PF",212,0,7.3,32.5,82.75,107.5,3.08,10.67,2003,2
"Dahntay Jones","SG-SF",214,0,2.6,39.5,81,102.5,3.11,10.91,2003,13
"James Jones","SF",218,0,6.7,33,86.5,107.5,3.19,11.18,2003,14
"Chris Kaman","C-PF",252,0,16.3,30.5,83.75,110.5,3.37,11.33,2003,13
"Jason Kapono","SG-SF",215,0,11.7,30,78.5,102,3.38,11.04,2003,9
"Jason Keep","C-PF",270,0,8.6,34,84.5,106.5,3.3,11.18,2003,0
"Bernard King","SG-PG",200,0,12.9,33.5,77.5,98.5,3.18,11.37,2003,0
"Brandin Knight","PG",190,0,10.5,0,78,95.5,0,0,2003,1
"Kyle Korver","SF",211,0,6.7,31.5,81.5,102.5,3.47,11.42,2003,15
"James Lang","C-PF",316,0,21.4,32,90.25,110,3.55,14.01,2003,1
"Donald Little","PF-C",229,0,7.3,37,87,97,3.2,11.18,2003,0
"Chris Marcus","C",334,0,23.1,0,92,114,0,0,2003,0
"Chris Massie","PF-C",259,0,14.8,33,85,106.5,3.22,12.48,2003,0
"Will McDonald","C-PF",258,0,13.6,32.5,87.5,109.5,3.42,11.83,2003,0
"Darko Milicic","PF",250,0,8,32.5,89,111.5,3.36,11.3,2003,10
"Jeff Newton","PF",199,0,5.3,34,85,106,3.23,11.18,2003,0
"Uche Nsonwu-Amadi","PF-C",246,0,6,29,87.75,106.5,3.25,11.83,2003,0
"Ugonna Okyekwe","SF",228,0,4.3,36.5,87,109,3.2,11.43,2003,0
"Marlon Parmer","PG",184,0,9.3,32,75.5,97,3.42,0,2003,0
"Stephane Pelle","PF-SF",246,0,12.4,33,86,107,3.27,11.37,2003,0
"Kirk Penney","SG-SF",218,0,8,35.5,77.25,97,3.04,10.44,2003,2
"Pavel Podkolzin","C",303,0,16.3,22.5,89.75,116,3.8,13.4,2003,2
"Josh Powell","PF-SF",227,0,8,38.5,85,107.5,3.2,11.72,2003,7
"Hollis Price","PG-SG",165,0,7.3,33,76.5,94.5,3.25,10.72,2003,0
"Luke Ridnour","PG",167,0,5.3,32.5,75,95.5,3.28,11,2003,12
"Joe Shipp","SG",224,0,11.7,34.5,82,103,3.2,11.75,2003,0
"Ron Slay","SF-PF",236,0,16.3,31.5,82,103.5,3.43,12.01,2003,0
"Theron Smith","PF-SF",234,0,9.3,32,82.25,104.5,3.1,10.99,2003,2
"Tommy Smith","PF-SF",200,0,6.7,33,86.5,107.5,3.14,11.54,2003,0
"Marvin Stone","C-PF",261,0,17.4,27.5,87.5,109.5,3.5,12.1,2003,0
"Michael Sweetney","PF",262,0,14.1,31.5,85,107.5,3.28,12.9,2003,0
"Sasha Vujacic","PG-SG",193,0,14.1,0,77.5,101,0,0,2003,10
"Dwyane Wade","SG-SF",212,0,6.7,35,82.75,102,3.08,10.56,2003,15
"Wayne Wallace","PF",187,0,4.6,36,86,108,3.24,11.85,2003,0
"Luke Walton","SF-PF",235,0,9.3,0,80.5,104,0,0,2003,10
"David West","PF-SF",226,0,8,31.5,88.25,108.25,3.43,12.18,2003,15
"Mo Williams","PG-SG",189,0,6.7,0,77.5,98.5,0,0,2003,13
"Wesley Wilson","C-PF",257,0,12.4,30.5,87,110.5,3.3,12.19,2003,0
"Doug Wrenn","SF-PF",220,0,7.3,41,91.5,100.5,3.17,11.38,2003,0
"Derrick Zimmerman","PG",190,0,5.3,40.5,81,96.25,3.1,11.09,2003,1
"Tony Allen","SG",214,76.25,6.7,36.5,81,102,3.19,10.7,2004,14
"Trevor Ariza","SG-SF",201,80.25,8,32,86,107.5,3.29,11.63,2004,14
"Andre Barrett","PG",171,69.75,6.7,34.5,73,92,3.08,10.63,2004,4
"Brandon Bass","PF",246,79.25,9.3,33,86.5,106.5,3.24,11.61,2004,12
"Andris Biedrins","C",0,0,9.3,0,0,0,0,0,2004,10
"Tony Bobbitt","SG",185,76,7.3,0,79,100,0,0,2004,1
"Brian Boddicker","SF-PF",230,80.75,11.2,30,82,105.5,3.25,10.93,2004,0
"Tim Bowers","PG-SG",181,73.75,2.6,43.5,81,98,3.21,11.24,2004,0
"Andre Brown","PF-C",236,81.5,6,35.5,83,107,3.22,11.7,2004,3
"Antonio Burks","PG",191,72.75,9.9,0,78.5,96.5,0,0,2004,2
"Jackie Butler","C",263,81.5,16.3,25,85.5,109,3.4,13.32,2004,3
"Aleksandar Capin","PG",176,73.25,9.3,29,73.5,94,3.27,11.5,2004,0
"Ales Chan","C",255,86,14.8,29,87,113,3.62,12.9,2004,0
"Josh Childress","SG-SF",196,79.25,9.3,36,83,105,3.38,11.95,2004,8
"TJ Cummings","SF",215,80.75,6.7,31,81.5,106.5,3.12,11.58,2004,0
"Erik Daniels","SF-PF",223,79.5,18.5,32,83,106,3.19,11.38,2004,1
"Luol Deng","SF",220,80,6.7,31.5,84.5,108.5,3.34,11.46,2004,14
"Marcus Douthit","C-PF",223,83,13.7,31.5,88,111.5,3.34,11.64,2004,0
"Chris Duhon","PG",193,73.25,6.7,35,78.5,98,3.14,10.45,2004,9
"John Edwards","C",264,85,14.1,0,88.5,113,0,0,2004,2
"Andre Emmett","SG-SF",216,76.5,6.7,0,81,100,0,0,2004,2
"Desmon Farmer","SG",214,77.75,5.3,31,80.5,103,3.2,10.89,2004,2
"Luis Flores","PG-SG",202,73.75,6,32,79.5,98.5,3.1,10.97,2004,1
"Matt Freije","SF-PF",234,81.5,10.8,31,85,108.5,3.25,11.15,2004,2
"Chris Garnett","C-PF",260,81.75,14.8,31.5,85,108,3.36,11.75,2004,0
"Ryan Gomes","SF-PF",248,79.75,0,30.5,86,106.5,3.24,12.49,2004,8
"Ben Gordon","PG-SG",192,74.25,5.3,37.5,80.5,99,3.19,11.28,2004,11
"Devin Harris","PG",170,75,5.3,37,79.5,98.5,3.19,11.03,2004,14
"Dwight Howard","PF-C",240,82.25,10.5,35.5,88.5,111.5,3.14,11.21,2004,14
"Rolando Howell","PF",229,80.5,11.7,34.5,84.5,107,3.28,11.91,2004,0
"Kris Humphries","PF",238,81.5,6.7,36,84.5,106.5,3.2,11.33,2004,13
"Andre Iguodala","SG-SF",217,78.75,6.7,34.5,83,105.5,3.18,11.17,2004,14
"Martin Iti","C-PF",233,81.75,10.5,32.5,89,111.5,3.41,12.28,2004,0
"Luke Jackson","SF-SG",212,79,8,36,80.5,103,3.24,11.1,2004,4
"Al Jefferson","PF-SF",263,81.75,10.5,30,86.5,110,3.29,13.08,2004,14
"Arthur Johnson","PF-C",262,80.5,16.3,28.5,87,109,3.38,11.81,2004,0
"Ivan Koljevic","PG",172,74,6.7,28.5,74.5,95,3.28,11.07,2004,0
"Herve Lamizana","SF-PF",210,80.5,6.7,0,85.5,107,0,0,2004,0
"Sergei Lishouk","PF-SF",244,83.5,10.5,0,84,109.5,0,0,2004,0
"Shaun Livingston","PG-SG",186,79.5,6.7,30,83,105.5,3.23,10.72,2004,13
"Jaime Lloreda","PF",247,80.5,9.9,29.5,81.5,107,3.23,12.93,2004,0
"Bryant Matthews","SF-SG",206,78.75,6.7,34.5,84.5,105.5,3.13,11.08,2004,0
"Marcus Melvin","SF-PF",241,80.5,10.5,30.5,84,105.5,3.33,11.81,2004,0
"Rich Melzer","PF-SF",229,80.75,12.4,28.5,86,107,3.39,11.74,2004,0
"Ricky Minard","PG-SG",198,76.25,8,33,79,101.5,3.1,10.94,2004,0
"James Moore","PF-SF",198,80,8,32.5,84.5,107,3.21,11.01,2004,0
"Marcus Moore","PG-SG",202,77.25,14.8,30,81,101.5,3.34,11.31,2004,0
"Michel Morandais","SG-SF",205,76.75,8.6,33.5,83.5,102,3.22,11.45,2004,0
"Jameer Nelson","PG",199,72.5,8,33.5,74.5,95,3.14,10.95,2004,14
"Misan Nikagbatse","SG-PG",223,76.75,12.9,32.5,82,102,3.32,11.27,2004,0
"Emeka Okafor","C-PF",257,82,5.3,34,88,110.5,3.15,12.32,2004,10
"Randall Orr","PF-SF",193,82.75,6.7,33,82.5,107.5,3.27,11.18,2004,0
"Dylan Page","SF",239,80.75,12.3,30,79,105,3.4,10.99,2004,0
"Drago Pasalic","PF",231,82.75,12.9,30,83.5,108,3.56,12.97,2004,0
"Rickey Paulding","SG",210,76,5.3,36,81.5,101.5,3.17,11.14,2004,0
"Kelvin Pena","SG-PG",182,75.25,8.6,32.5,78.5,99.5,3.24,11.5,2004,0
"Tim Pickett","PG-SG",207,76.25,6,0,79.5,100.5,0,0,2004,0
"Omar Quintero","PG",170,71.25,14.1,29,71.5,92.5,3.25,11.37,2004,0
"Peter Ramos","C",266,87.25,6.7,26.5,89.5,111.5,3.6,12.61,2004,0
"Jared Reiner","C-PF",246,83.75,12.9,26,84.5,109,3.56,12.65,2004,2
"Lawrence Roberts","PF",233,81,9.3,33,81.5,106.5,3.3,12.52,2004,2
"Bernard Robinson","SG-SF",208,78.5,6,34.5,82,102,3.17,10.91,2004,3
"Nate Robinson","PG",181,69,6.7,43.5,73,91.5,2.96,10.75,2004,11
"Aerick Sanders","PF",205,79.5,6.7,30.5,83.5,106,3.37,11.98,2004,0
"Romain Sato","SG",204,75.25,6,35.5,83,102.5,3.18,11.27,2004,0
"Blagota Sekulic","SF-PF",234,82.5,9.3,31.5,83,107,3.39,10.93,2004,0
"Josh Smith","SG-SF",221,80.25,6.7,39.5,84,106.5,3.24,11.43,2004,13
"J.R. Smith","SG-SF",227,78.75,6.7,35.5,82,104,3.21,10.93,2004,14
"Kirk Snyder","SG-SF",228,78.75,9.3,35,81,104,3.13,10.79,2004,4
"Pape Sow","PF-C",233,82,9.3,31.5,86,108.5,3.27,12.13,2004,3
"Tiago Splitter","C-PF",233,83.75,5.3,31.5,86,109.5,3.38,11.65,2004,7
"Blake Stepp","PG",0,0,8,0,0,0,0,0,2004,0
"Tom Timmerrmans","PF-C",272,83.5,15.2,26.5,83,107.5,3.63,13.13,2004,0
"Marko Tomas","SG-PG",198,79.75,9.3,31.5,79,103.5,3.23,11.8,2004,0
"Beno Udrih","PG",199,75.75,9.3,0,76.5,98,0,0,2004,13
"Jackson Vroman","PF-C",226,82.75,6.7,33.5,84,105.5,3.25,10.75,2004,2
"Delonte West","PG-SG",183,74.75,6.7,35,78,99.5,3.15,11.2,2004,8
"Damien Wilkins","SG-SF",222,78,7.3,31,84,106,3.15,11.92,2004,10
"Mike Williams","SF",197,78.5,9.3,27.5,83.5,105.5,3.42,11.59,2004,0
"Nate Williams","PF-SF",240,82,12.4,26,85.5,109.5,3.35,12.6,2004,0
"Rashad Wright","PG",190,73.75,8,32.5,82,98.5,3.28,11.15,2004,0
"Alex Acker","SG",183,76.75,0,32,84,102.5,3.35,11.67,2005,2
"Deji Akindele","C-PF",236.4,83,0,32.5,87,108.5,3.35,12.58,2005,0
"Mustafa Al-Sayyad","PF-C",0,0,0,30.5,0,0,3.42,11.56,2005,0
"Nemanja Aleksandrov","PF-SF",220.6,84,0,0,83,110,0,0,2005,0
"Alan Anderson","SG-SF",223.2,78,0,30.5,81.5,104,3.27,10.32,2005,8
"Martynas Andriuskevicius","C-PF",227.8,87,0,27.5,83.25,112.5,3.42,11.94,2005,1
"Sean Banks","SF",206.4,79,0,31.5,85,108,3.35,11.74,2005,0
"Eddie Basden","SG-SF",210,77.5,0,36.5,82.25,101,3.21,10.52,2005,1
"Mike Bell","SF-PF",206.2,81.25,0,39.5,85.5,104.5,3.29,11.73,2005,0
"Andrew Bogut","C-PF",250.6,84.25,0,33.5,87,110.5,3.51,12.06,2005,13
"Dee Brown","PG-SG",179,72,0,0,74,94,0,0,2005,5
"Will Bynum","PG-SG",188.8,71.5,0,40.5,75.5,93,3,11.12,2005,8
"Marcus Campbell","C",280.4,84.25,0,0,90,114,0,0,2005,0
"Will Conroy","PG",188.6,74,0,36.5,75,96.5,3.28,10.51,2005,3
"Taylor Coppenrath","PF-SF",252.4,81.25,0,27,83.5,106.5,3.44,11.51,2005,0
"Travis Diener","PG-SG",165.2,73,0,31,71.75,93.5,3.26,10.85,2005,5
"Ike Diogu","PF",255.4,80,0,31,87.5,109,3.45,11.94,2005,6
"Daryl Dorsey","PG",160.8,72.5,0,30.5,71.5,94,3.24,11.41,2005,0
"Monta Ellis","SG-PG",176.6,75.25,0,31.5,74.75,98,3.31,12.13,2005,12
"Raymond Felton","PG",199.4,72.25,0,33.5,76.25,98,3.06,10.5,2005,13
"Rudy Fernandez","SG",172,78,0,35.5,79.5,101.5,3.33,10.48,2005,4
"D'Or Fischer","C-PF",242.4,82.5,0,30.5,90,110.5,3.5,12.53,2005,0
"Eddy Fobbs","C-PF",235.2,83.25,0,34,90.75,111.5,3.28,11.53,2005,0
"Sharrod Ford","PF",212.8,80.25,0,37,85.5,106,3.2,11.92,2005,1
"Channing Frye","PF-C",243.6,82.5,0,31,86.5,110.5,3.38,11.6,2005,12
"Deng Gai","PF-C",214,81.25,0,35.5,88.5,110.5,3.27,12.51,2005,1
"Francisco Garcia","SF-SG",189.6,79,0,31.5,82.75,103,3.33,10.63,2005,10
"John Gilchrist","PG",195.2,74.5,0,36.5,81.25,96.5,3.15,11.48,2005,0
"Marcin Gortat","PF-C",225.2,84,0,36,87.5,110,3.33,11.48,2005,11
"Joey Graham","SF",216.6,78.5,0,36,80,104,3.05,10.62,2005,6
"Danny Granger","",225.4,80.5,0,34,85.5,103,3.34,10.84,2005,10
"Gerald Green","SF",192,79.25,0,39,81.75,104,3.21,11.2,2005,11
"Charles Hayes","SF-PF",232.4,78.75,0,33,82,104.5,3.34,10.7,2005,0
"Luther Head","PG-SG",178.8,75,0,38.5,77.25,98.5,3.21,11.12,2005,6
"Julius Hodge","SG-SF",202.2,79,0,29,84.5,107.5,3.18,10.89,2005,2
"Jared Homan","C-PF",248.2,80.75,0,0,85.25,104.5,0,0,2005,0
"Ersan Ilyasova","SF",208.8,81,0,30,85.25,109.5,3.56,11.59,2005,10
"Jarrett Jack","PG",197.6,75.5,0,28.5,79.5,100,3.24,10.87,2005,13
"Dwayne Jones","C-PF",242.2,82,0,31.5,86.75,108.5,3.25,11.87,2005,5
"Mindaugas Katelynas","SF-PF",217,80.5,0,35,83,105.5,3.38,11.6,2005,0
"Jason Klotz","C-PF",249.4,81.75,0,27,82,107.5,3.68,13.13,2005,0
"Carl Krauser","PG-SG",193.4,72.75,0,31,77.5,98.5,3.38,11.62,2005,0
"Keith Langford","SG-SF",203.2,75.5,0,29.5,81,101,3.23,11.38,2005,1
"David Lee","PF",229.5,81,0,32.5,84,106.5,3.19,10.8,2005,12
"David Lucas","PF",233.4,79.75,0,0,84,103.5,0,0,2005,0
"John Lucas III","PG",154.4,70.5,0,34,72,92,3.14,10.44,2005,8
"Rawle Marshall","SG-SF",186.6,77.75,0,37,85,104,3.21,11.64,2005,2
"Jason Maxiell","PF",257.6,78.25,0,0,87.25,107,0,0,2005,10
"Sean May","PF",258.8,80.5,0,33,85.25,105,3.29,11.04,2005,4
"Rashad McCants","SG",201,76,0,34.5,82.75,103.5,3.11,10.39,2005,4
"Ivan McFarlin","PF",228.6,78.75,0,32,81,105.5,3.27,10.64,2005,1
"Juan Mendez","PF-SF",231.4,78.75,0,33,84,106.5,3.24,11.7,2005,0
"Aaron Miles","PG",174.6,73.5,0,37.5,75.5,94,3.22,10.69,2005,1
"Ellis Myles","PF",255.2,79.25,0,28.5,81.75,105.5,3.42,12.8,2005,0
"Larry O'Bannon","SG",196,76.25,0,36.5,78,99.5,3.18,11.44,2005,0
"Drago Pasalic","SF-PF",238.8,83,0,30.5,83.75,108.5,3.48,12.12,2005,0
"Chris Paul","PG",178,73,0,38,76.25,93,3.22,11.09,2005,13
"Kevin Pittsnogle","PF",259.2,82.25,0,0,82.5,106,0,0,2005,0
"Carlos Powell","SF-PF",221.8,78.75,0,34.5,82.75,105,3.21,11.54,2005,0
"Roger Powell","SF",218.6,78,0,0,83.5,104,0,0,2005,1
"Ronnie Price","PG",184.8,74.25,0,39,77.5,96.5,3.29,10.49,2005,12
"Anthony Roberson","PG",178.8,74.5,0,37,74.75,95,3.19,11.17,2005,3
"Brandon Rush","SG-SF",211.4,78.5,0,35,83.25,104.5,3.31,11.33,2005,9
"Luke Schenscher","C",241.6,85.5,0,26.5,89,111.5,3.47,12.4,2005,2
"Wayne Simien","PF",255.8,81,0,27.5,84,107,3.35,11.05,2005,2
"Tre Simmons","SG-SF",194.2,77,0,31.5,79.5,102.5,3.18,10.8,2005,0
"David Simon","C-PF",258.8,81.5,0,33,87.5,108,3.44,11.98,2005,0
"Chris Taft","PF",261,81.5,0,33,85.75,109,3.27,11.26,2005,1
"Omar Thomas","SF-SG",200,76.5,0,29.5,80,102,3.27,11.11,2005,0
"Chris Thomas","PG",176.2,73,0,34,75,95,3.33,10.84,2005,0
"Dijon Thompson","SF-SG",195.8,80,0,0,81.75,105.5,0,0,2005,2
"Ronny Turiaf","PF",237.8,81.25,0,33,85.5,106.5,3.23,11.5,2005,10
"Charlie Villanueva","PF-SF",236.6,81.5,0,31,84.25,109,3.3,10.86,2005,11
"Hakim Warrick","PF-SF",215,80.5,0,38,86,108,3.22,0,2005,8
"Martell Webster","SF",229.6,79.5,0,30.5,83,106,3.39,11.39,2005,10
"Robert Whaley","PF-C",269.4,81,0,33.5,86,108,3.25,12.11,2005,1
"Deron Williams","PG",202.4,74.75,0,35,78.25,98,3.25,10.83,2005,12
"Jawad Williams","SF",218,80,0,34,85.25,106.5,3.23,11.39,2005,3
"Marvin Williams","PF-SF",228.2,80.25,0,35,87.5,108,3.17,11.11,2005,13
"Antoine Wright","SF-SG",202.6,78.25,0,29.5,80.75,104.5,3.41,11.45,2005,6
"Bracey Wright","SG-PG",186.8,74.5,0,36,82,100.5,3.27,11.58,2005,2
"Kenny Adeleke","PF-C",250,79.75,10.5,30.5,82.25,104,3.47,11.57,2006,0
"Maurice Ager","SG-PG",203,76.5,8,35,79.75,101.5,3.22,11.73,2006,4
"LaMarcus Aldridge","PF-C",234,83.25,8.7,34,88.75,110,3.43,12.02,2006,12
"Morris Almond","SG-SF",214,78,6.9,35.5,82,102.5,3.19,11.45,2006,3
"Lou Amundson","PF",221,80,6.8,35.5,83.5,103.5,3.2,10.58,2006,10
"Rashad Anderson","SG",224,76.5,17.3,32.5,79,100,3.48,11.77,2006,0
"Hilton Armstrong","C-PF",240,82.25,6.3,31.5,88,109,3.53,12.28,2006,6
"James Augustine","PF",227,81.75,5.5,32.5,84.25,104,3.25,10.54,2006,2
"Renaldo Balkman","SF-PF",206,78.5,4.9,35,85,104.5,3.22,11.58,2006,6
"J.P. Batista","PF",265,80.5,12,30.5,82,103.5,3.38,11.62,2006,0
"Will Blalock","PG",194,72.5,7.2,40,78,96.5,3.18,11.08,2006,1
"Brandon Bowman","SF",209,80.25,8.4,34,83.5,103,3.31,11.41,2006,0
"Ronnie Brewer","SG-PG",223,78.75,5,41,83.25,103.5,3.14,11.32,2006,8
"Denham Brown","SG-SF",218,77,9,34.5,81.5,102.5,3.25,11.42,2006,0
"Brad Buckman","PF",238,80.75,10.5,30.5,84,107.5,3.54,12.26,2006,0
"Nik Caner-Medley","SF",234,80,9.6,35.5,81,103,3.21,10.57,2006,0
"Rodney Carney","SG-SF",204,77.75,5.3,38.5,82,103.5,3.06,10.57,2006,5
"Keydren Clark","PG",184,70.25,11.6,34,74.5,92.5,3.11,11.03,2006,0
"Mardy Collins","PG-SG",224,77.5,10,37.5,82,103,3.27,12,2006,4
"Taquan Dean","SG-PG",183,75,3.9,34.5,78.75,98,3.2,10.53,2006,0
"Terence Dials","PF-C",253,81,15.8,30,84,106,3.5,11.54,2006,0
"Sean Dockery","PG-SG",182,74,7.3,33,76.5,95.5,3.34,10.88,2006,0
"Jordan Farmar","PG",171,74,4.4,42,75,94.5,3.17,11.07,2006,10
"Randy Foye","SG-PG",212,75.25,10,38,78.25,97,3.23,10.53,2006,11
"Torin Francis","PF-C",247,82,12.4,32,85,105.5,3.51,11.97,2006,0
"Rudy Gay","SF-PF",222,80,5.7,40.5,87,107.5,3.32,11.03,2006,12
"Nick George","SF-SG",201,77.75,6,38,82,103,3.25,11.69,2006,0
"Taj Gray","PF-SF",231,80.5,6.8,33,84.75,107,3.45,11.02,2006,0
"Dan Grunfeld","SF-SG",216,78,10.4,33.5,78.25,99,3.46,11.3,2006,0
"Matt Haryasz","PF-C",219,83,9.8,31.5,84.25,107.5,3.46,11.34,2006,0
"Eric Hicks","PF",238,77.5,7.1,34,85.5,105.5,3.34,12.06,2006,0
"Tedric Hill","SF-PF",236,81,7.3,36.5,85,107,3.24,12.23,2006,0
"Daniel Horton","PG-SG",198,74.25,8,36.5,79,96.5,3.16,10.35,2006,0
"Bobby Jones","SF-SG",211,78.75,8,34.5,81.5,101.5,3.28,11.23,2006,2
"Solomon Jones","PF-C",224,81.75,7.4,39,88.75,109,3.3,11.27,2006,8
"Viktor Keyru","SG-PG",202,78,5.5,34.5,81.25,104,3.24,11.4,2006,0
"Marco Killingsworth","PF",266,78.75,19,32,87,104,3.34,11.42,2006,0
"Tarence Kinsey","SF-SG",179,77.5,4.1,35.5,78.75,100.5,3.3,10.67,2006,3
"Carl Krauser","PG",190,72.75,8,31,78.25,97,3.38,11.62,2006,0
"Chris McCray","SG",187,76,9.6,39,77.75,96.5,3.34,11.46,2006,1
"Gerry McNamara","PG-SG",177,72.5,12.8,32,72.75,92.5,3.4,11.28,2006,0
"Pops Mensah-Bonsu","PF-C",232,81,5.8,36,84,105.5,3.29,11.47,2006,4
"Paul Miller","PF-C",251,81.25,13.8,35.5,84,101.5,3.66,12.25,2006,0
"Paul Millsap","PF",258,79.25,9.7,32.5,85.5,105.5,3.3,11.67,2006,12
"Dwayne Mitchell","SG-SF",208,75.25,4.5,41.5,78.5,98.5,3.16,11.45,2006,0
"Adam Morrison","SF",198,79.75,6.8,30.5,82,105,3.37,11.46,2006,3
"Yemi Nicholson","PF-C",258,81.5,17.2,26,88.25,107,3.65,12.57,2006,0
"David Noel","SF-SG",223,78,6.1,38.5,81.5,100,3.07,10.54,2006,1
"Steve Novak","SF",216,81.25,8.1,31,81.5,103,3.37,11.11,2006,11
"Patrick O'Bryant","C",249,84,10,30,89.75,113,3.63,12.68,2006,4
"Danilo Pinnock","PG-SG",204,76,4.6,35.5,79.5,100.5,3.08,11.91,2006,0
"Chris Quinn","PG-SG",175,73.5,5.9,37,77,94,3.25,11.25,2006,6
"Allan Ray","SG",204,74.25,9.8,35.5,80.5,99.5,3.2,11.01,2006,1
"JJ Redick","SG",190,76.75,7,33,75.25,97.5,3.29,10.94,2006,0
"Antywane Robinson","SF-PF",217,79.5,6.9,32.5,86.5,105.5,3.4,11.73,2006,0
"Brandon Roy","SG-SF",207,78.25,7.6,40.5,80,101,3.27,11.13,2006,6
"Blake Schilb","PG-SG",209,78.25,11.3,34.5,80.75,102,3.43,11.25,2006,0
"Mouhamed Sene","C",237,84,6.6,31,92.5,113,3.38,12.52,2006,3
"Cedric Simmons","PF-C",223,81.5,5.6,35,88.25,108.5,3.31,11.05,2006,3
"Marcus Slaughter","PF-SF",220,80,8.5,34,83.5,104.5,3.4,11.56,2006,0
"Craig Smith","PF",259,78.5,12.2,29.5,81.5,103.5,3.4,11.59,2006,6
"Steven Smith","SF-PF",238,81.25,7.8,34.5,84.5,104,3.4,12.08,2006,1
"Michael Southhall","C",241,82.25,7.9,37,88.25,107.5,3.51,12.29,2006,0
"Frans Steyn","C",280,86.5,12.8,29.5,86.25,109,3.38,11.67,2006,0
"Curtis Stinson","SG",208,74.75,6,31.5,77,97.5,3.27,10.95,2006,0
"Tyrus Thomas","PF-SF",217,80.25,5.6,39.5,87,108,3.2,11.36,2006,8
"Joah Tucker","SF-SG",224,77.25,7,34,78.5,99.5,3.31,11.58,2006,0
"Ian Vouyoukas","C-PF",267,81.5,14.8,28,84.75,108.5,3.72,13.7,2006,0
"Darius Washington","PG",195,73,9.7,37.5,76,96,3.26,10.71,2006,1
"CJ Watson","PG",171,73.75,5.2,34,78,96,3.15,11.61,2006,0
"Eric Williams","C-PF",285,80.75,13,29,88.25,106.5,3.56,11.71,2006,8
"Justin Williams","C-PF",211,80.75,6.5,31.5,85.5,109,3.31,11.9,2006,2
"Marcus Williams","PG",215,75.25,12.4,28,79,97.5,3.4,11.3,2006,4
"Shawne Williams","SF-PF",227,80.75,8,31,87,104,3.3,10.69,2006,7
"Shelden Williams","PF-C",258,80.5,11.4,33.5,88.25,104,3.59,11.53,2006,6
"Curtis Withers","PF-SF",227,78.5,5,36.5,82,101,3.1,11.54,2006,0
"Mohamed Abukar","SF",210,81.75,8.9,35,81,103,3.37,11.78,2007,0
"Mario Boggan","PF",240,79,9.2,26.5,86,107,3.45,12.18,2007,0
"Craig Bradshaw","PF",240,81.75,12.1,28,85.5,106.5,3.54,11.88,2007,0
"Corey Brewer","SF-SG",185,79.75,4.2,36.5,80.25,103,3.22,11.69,2007,11
"Aaron Brooks","PG",161,71.75,2.7,39.5,76,94,3.2,10.57,2007,10
"Bobby Brown","PG",170,73.75,6.6,41,76,95.5,3.25,11.27,2007,4
"Russell Carter","SG",221,76.5,6,38.5,80.5,97.5,3.29,11.61,2007,0
"Coleman Collins","PF",236,81.75,6.2,35,86,107,0,11.47,2007,0
"Mike Conley","PG",175,72.75,4.2,40.5,77.75,94.5,3.09,11.63,2007,11
"Daequan Cook","SG",203,77.75,7,34.5,80.25,101.5,3.22,11.12,2007,6
"Ryvon Covile","C-PF",250,80.5,8,30.5,85.25,107.5,3.37,12.52,2007,0
"Javaris Crittenton","PG",194,76.75,4.5,38,77.5,98,3.32,11.6,2007,2
"Jermareo Davidson","PF",230,83,6.9,30,88,109.5,3.53,12.63,2007,2
"Justin Doellman","PF",205,81.5,7,0,80.75,105,0,0,2007,0
"Zabian Dowdell","PG",191,75,5.1,33.5,82,100,3.29,11.13,2007,1
"Jared Dudley","SF",219,79.25,7.1,32,79,102,3.45,11.32,2007,11
"Kevin Durant","SF-PF",215,82.25,6.6,33.5,88.75,110,3.45,12.33,2007,11
"Rashaun Freeman","PF",244,80,11.5,32,83.5,104,3.41,11.43,2007,0
"Aaron Gray","C",271,85.75,10.8,32.5,87.25,108.5,3.7,12.07,2007,7
"Caleb Green","PF",238,80,10.9,36,83.75,103,3.46,11.72,2007,0
"Jeff Green","SF",228,81.5,3.7,38,85.25,103,3.34,12,2007,10
"Taurean Green","PG",173,72.75,4.6,32.5,74.25,96,3.26,11.3,2007,1
"Spencer Hawes","PF",244,84.75,13,29,84.5,110,3.51,11.88,2007,10
"Brandon Heath","PG",181,75.75,9,36,79,94,3.28,11.39,2007,0
"Herbert Hill","C",232,81.75,5.6,34,86.25,108.5,3.39,12.31,2007,0
"Al Horford","PF",246,81.75,9.1,35.5,84.75,107,3.37,12.15,2007,11
"Quinton Hosley","SF-SG",215,79.75,5.7,34,83.25,105,3.32,12.47,2007,0
"James Hughes","C",209,82.75,3.5,33,87,111,3.37,13.31,2007,0
"Jeremy Hunt","SG",198,76.75,5.2,33,80.25,101.5,3.29,12.11,2007,0
"Ekene Ibekwe","PF",208,81,3.2,39,90,104,3.28,11,2007,0
"Dominic James","PG",175,71.75,4.8,38.5,74,93,3.11,10.94,2007,0
"Trey Johnson","SG",216,77.75,5.4,35,77,98,3.31,11.78,2007,3
"Rashad Jones-Jennings","PF",235,79.5,5.9,30,84,105.5,3.29,12.18,2007,0
"Jared Jordan","PG",183,73.75,7,28.5,72,94,3.39,11.02,2007,0
"Coby Karl","SG-PG",204,76.75,5.4,34.5,83,99.5,3.41,11.57,2007,2
"Antanas Kavaliauskas","PF",237,82.5,7.7,30,82.5,106.5,3.42,11.19,2007,0
"Carl Landry","PF",248,80.5,7.5,36.5,83,102.5,3.29,11.35,2007,9
"Stephane Lasme","PF",213,79,4.9,36,86,107,3.22,11.73,2007,1
"Acie Law","PG",186,75.5,5.6,34,78.5,98,3.22,11,2007,4
"Marko Lekic","C",267,82.5,11.4,30.5,85,108.5,3.43,11.96,2007,0
"Ron Lewis","SG",194,76.5,4.5,38,78.5,99,3.22,11.59,2007,0
"Cartier Martin","SF",218,78.5,5.6,29.5,82,103.5,3.43,12.1,2007,7
"Dominic McGuire","SF",220,80.25,4.7,34.5,82.5,104,3.25,10.95,2007,6
"Josh McRoberts","PF",240,82,13.7,31.5,85,106.5,3.47,11.7,2007,11
"Sammy Mejia","SG",218,79,8.3,31.5,83,105,3.49,11.87,2007,0
"Brad Newley","SG",201,78.5,8,31.5,80,102.5,3.29,11.77,2007,0
"Demetris Nichols","SF",211,79.5,6.2,32.5,84.25,105,3.38,10.39,2007,2
"Joakim Noah","PF",223,84,4.8,37.5,85.25,106.5,3.47,11.79,2007,11
"Greg Oden","C",257,84,7.8,34,88.25,112,3.27,11.67,2007,3
"Ivan Radenovic","PF",226,82.75,9.8,28,83.75,106,3.6,11.61,2007,0
"JR Reynolds","PG",188,74.75,8.2,34.5,75.25,95,3.24,11.69,2007,0
"Chris Richard","PF",252,80.75,7.5,30.5,88.5,110.5,3.29,11.39,2007,2
"Dustin Salisbery","SG",208,76.75,6.6,38,80,100.5,3.12,11.07,2007,0
"Blake Schilb","SG",214,79,10,33.5,81,102.5,3.36,11.63,2007,0
"Renaldas Seibutis","SG",185,77.75,6.1,32.5,80.75,101,3.39,11.33,2007,0
"Ramon Sessions","PG",185,75.75,6.2,33.5,76.25,97.5,3.27,11.65,2007,11
"Mustafa Shakur","PG",185,76.5,4.1,35,77.5,99,3.27,11.82,2007,2
"Jason Smith","PF",233,83.5,7.5,37.5,82.75,106,3.29,10.96,2007,10
"DJ Strawberry","SG",199,77,4.5,35,78.5,101,3.14,10.87,2007,0
"Rodney Stuckey","SG-PG",207,76.5,6.1,35,79.25,100.5,3.11,11.34,2007,10
"Curtis Sumpter","SF",227,79.75,5.3,32.5,81.5,104,3.22,11.3,2007,0
"Yue Sun","SF",212,80.75,5.1,34,81,105,3.45,10.68,2007,0
"Jamaal Tatum","PG",168,72.75,5,33,74.5,93.5,3.22,11.51,2007,0
"Reyshawn Terry","SF",222,79.5,8.9,37.5,82,103.5,3.26,11.76,2007,0
"Al Thornton","SF",221,79,5.8,41,85,104,3.16,11.96,2007,4
"Anthony Tolliver","PF",242,80.5,5.7,30,86.5,107.5,3.29,11.49,2007,10
"Ali Traore","C-PF",249,81.75,12.1,29,88,108.5,3.52,12.16,2007,0
"Kyle Visser","C",242,83.5,10.2,29,83,108,3.39,12.6,2007,0
"Darryl Watkins","C",241,82.25,6.9,31,87,110,3.56,11.65,2007,2
"Major Wingate","C",242,82.75,6.7,30.5,88,109,3.47,12.14,2007,0
"DaShaun Wood","PG",167,71.5,5.4,34.5,72.75,92,3.23,11.4,2007,0
"Brandan Wright","PF",200,82,5.8,35.5,87.75,108.5,3.31,11.76,2007,10
"Julian Wright","SF-PF",211,80.5,6.1,33.5,86.25,108,3.36,11.48,2007,4
"Avis Wyatt","PF",212,81.5,3.3,32,85,107,3.23,11.46,2007,0
"Jianlian Yi","",0,0,0,0,0,0,0,0,2007,0
"Nick Young","SG-SF",206,78.75,6.8,40.5,84,100.5,3.25,11,2007,11
"Thaddeus Young","SF",210,79.5,4.9,37,83.5,106,3.19,11.06,2007,11
"Joe Alexander","SF-PF",220,80.25,5.8,38.5,83.5,106,2.99,11.33,2008,2
"Darrell Arthur","PF",216,80.5,7.3,30,82.75,107,3.14,12.18,2008,9
"D.J. Augustin","PG",171.5,71.5,8.1,35,75.5,94.5,3.07,11.27,2008,10
"Jerryd Bayless","PG-SG",204,75,4.7,38,75.5,97,3.07,11.26,2008,10
"Michael Beasley","PF-SF",239,80.25,7.7,35,84.25,107,3.24,11.06,2008,10
"Ramel Bradley","PG-SG",184,74.25,5.7,29.5,77,98,3.24,10.68,2008,0
"Tyrone Brazelton","PG",166,71,8.1,34,73.75,94,3.25,11.59,2008,0
"Takais Brown","PF",252,80.5,9.2,31,82,106,3.25,12.47,2008,0
"Keith Brumbaugh","SF-PF",190,80.75,4,27,79.25,104.5,3.28,11.65,2008,0
"Stanley Burrell","PG",201,74.5,5.6,34.5,78.25,97.5,3.19,11.19,2008,0
"Brian Butch","C-PF",229.6,83,10.8,26.5,83.25,108,3.52,11.87,2008,0
"Jamar Butler","PG",182,73.5,6,0,76.75,97,0,0,2008,0
"Pat Calathes","SF-PF",204,81.75,7.3,0,81.75,106,0,0,2008,0
"Joe Crawford","SG",213,76,7.6,36,77.75,99.5,3.22,11.67,2008,1
"Chris Daniels","C-PF",256,81.5,16.1,28.5,84.5,109,3.56,12.72,2008,0
"Joey Dorsey","PF-C",265,79.25,9,33,85.75,107,3.2,11.84,2008,4
"Marcus Dove","SF-PF",208,79.5,5.3,33.5,83.5,105,3.26,11.59,2008,0
"Josh Duncan","PF",230,81,5.4,32,83.5,104.5,3.26,12.47,2008,0
"Frank Elegar","PF",210,80.75,4.5,37.5,87.25,106,3.17,11.86,2008,0
"Patrick Ewing Jr.","SF-PF",224,79.25,9.4,42,84.25,97.5,3.43,11.77,2008,0
"Gary Forbes","SG",220.5,77.75,6.5,33.5,83.25,104.5,3.25,11.45,2008,2
"Shan Foster","SG",194.5,77.25,6.3,33,83.5,103.5,3.24,12.3,2008,0
"J.R. Giddens","SG",208,76.75,5.4,0,83.25,103,0,0,2008,2
"James Gist","PF",220,80.5,4.8,35,88,107.5,3.14,11.37,2008,0
"Vladimir Golubovic","C",258,84.25,6.9,27,86.5,111.5,3.33,12.4,2008,0
"Eric Gordon","SG",222,75.25,8.2,40,81,99,3.01,10.81,2008,10
"Kentrell Gransberry","C",290,79.75,17.4,27.5,82.25,106,3.32,12.16,2008,0
"Donte Greene","SF-PF",221,81,7.6,31.5,82,108,3.2,11.21,2008,4
"Malik Hairston","SG",204,77.25,6.9,38,81,103.5,3.08,11.33,2008,2
"DeVon Hardin","C-PF",235,82.75,5.8,32,87,109.5,3.33,11.49,2008,0
"Richard Hendrix","PF",250,80.75,9.2,28,87,108,3.27,10.62,2008,0
"George Hill","PG",181,74.5,3,37.5,81,97.5,3.07,12.2,2008,10
"Kyle Hines","SF-PF",234,77.25,3.6,33,85.25,104.5,3.4,12.17,2008,0
"Jiri Hubalek","C-PF",226,83,8.8,26,82.75,109,3.54,12.26,2008,0
"Lester Hudson","PG",196,73,3.4,36,80.75,98.5,3.16,11.15,2008,4
"Othello Hunter","PF-SF",220,79.5,6.4,34.5,87,109.5,3.18,11.51,2008,2
"Darnell Jackson","PF",240.5,79.75,12.5,31,83.25,106.5,3.26,11.75,2008,3
"Shawn James","PF",217,81,9.2,0,89,111,0,0,2008,0
"Davon Jefferson","SF",213,78.5,12,32,81.5,105,3.36,12.02,2008,0
"Joseph Jones","PF",240,80.5,12.2,31,84.25,107,3.33,11.61,2008,0
"DeAndre Jordan","C",250,83,7.5,30.5,90,113.5,3.27,12.3,2008,10
"Sasha Kaun","C-PF",247,82.75,9.6,32,88,110,3.2,12.06,2008,1
"Marcelus Kemp","SG",221,76.25,9,30,80.5,103.5,3.39,11.79,2008,0
"Maarty Leunen","SF",222,80.5,8.9,34.5,80,102.5,3.36,11.57,2008,0
"Longar Longar","C",212.5,82,10.6,0,85.25,109.5,0,0,2008,0
"Brook Lopez","C",258,84.5,6.3,30.5,89.5,113,3.57,12.77,2008,10
"Kevin Love","PF",255,81.5,12.9,35,83.25,106,3.22,11.17,2008,10
"Aleks Maric","C",273,82.75,10.1,28,85,109.5,3.35,11.76,2008,0
"O.J. Mayo","SG-PG",200,76.25,6.3,41,78,99.5,3.14,11.04,2008,8
"James Mays","PF",227,79.75,8.8,35,85.75,105,3.19,11.23,2008,0
"Luc Mbah a Moute","SF",221,79.5,7,38.5,86.5,103.5,3.17,11.71,2008,10
"JaVale McGee","C-PF",241,84,5.3,32.5,90,114.5,3.25,12.75,2008,10
"Drew Neitzel","PG",175.5,72.75,6.2,32,74.5,95,3.2,11.19,2008,0
"DeMarcus Nelson","PG-SG",198,74.25,4.5,38.5,82,98.5,3.13,10.54,2008,1
"David Padgett","C-PF",239.5,83.5,9,28,85,109.5,3.45,12.45,2008,0
"Jeremy Pargo","PG",208,73.5,7.6,37,77,96,3.07,10.65,2008,2
"Trent Plaisted","PF",240,82.25,11,35.5,82.5,105.5,3.17,11.32,2008,0
"Quan Prowell","SF-PF",225.5,79.75,6.5,36,82.5,103.5,3.14,11.79,2008,0
"Shaun Pruitt","C-PF",242.2,81,13.8,32.5,85,107.5,3.4,11.3,2008,0
"Anthony Randolph","PF-SF",197,82.25,4.7,35,87,109,3.26,11.86,2008,6
"Charles Rhodes","PF",244,80.25,10.7,33.5,83.25,107.5,3.13,11.51,2008,0
"John Riek","C",237,84,11,0,92.75,0,0,0,2008,0
"Brian Roberts","PG",173,73.25,3.6,36.5,73.25,95,3.05,10.65,2008,5
"Russell Robinson","PG",196,73.5,7.4,31.5,80,100.5,3.15,11.3,2008,0
"Richard Roby","SG-SF",203,77.5,9.2,0,81.75,104,0,0,2008,0
"Derrick Rose","PG",196,74.5,4.6,40,80,98.5,3.05,11.69,2008,9
"Sean Singletary","PG",183.8,72,4.2,0,76.5,95,0,0,2008,1
"Ronald Steele","PG",183.5,73.5,8.1,29.5,76.25,97.5,3.26,11.08,2008,0
"Bryce Taylor","SG",210,76.25,8.3,41,81,99.5,3.19,11.08,2008,0
"Mike Taylor","SG-PG",166.2,74,3.8,39,79.25,98,3.08,10.98,2008,1
"Mark Tyndale","SG-SF",217,75.5,6.7,33.5,83,103.5,3.14,12.52,2008,0
"Robert Vaden","SG",199,76.5,6.2,29.5,80,101,3.4,11.97,2008,0
"Deron Washington","SF",198.5,78.25,7.2,40,81,102.5,3.09,11.03,2008,0
"Sonny Weems","SG-SF",193,77.5,4.4,36.5,82,104,2.96,10.58,2008,4
"Russell Westbrook","PG",192,75.5,4.8,36.5,79.75,100,3.08,10.98,2008,10
"Reggie Williams","SG",199,76,5.3,36.5,81.25,103,3.07,11.32,2008,7
"Jeff Adrien","PF",236.2,78.5,7.9,31.5,86,107.5,3.32,11.34,2009,5
"Jeff Ayres","PF",239.6,82,5.5,35,85,107,3.14,11.98,2009,6
"Rodrigue Beaubois","PG",182.4,74.25,7.9,39,81.75,100,3.15,10.49,2009,4
"DeJuan Blair","PF",276.6,78.5,12,33,86,106.5,3.45,11.5,2009,7
"Derrick Brown","SF-PF",224.6,80.5,8.6,35.5,86.5,107.5,3.13,11.26,2009,3
"Chase Budinger","SF-SG",206.4,79,10,38.5,79,101,3.24,11.08,2009,7
"DeMarre Carroll","PF-SF",207.2,79.75,6.3,0,82,105,0,0,2009,9
"Omri Casspi","SF",211.2,81.25,8.6,32.5,81.25,106.5,3.28,11.15,2009,9
"Dionte Christmas","SG",210.8,77.5,7.1,33.5,81,102.5,3.21,10.83,2009,1
"Earl Clark","SF-PF",228.4,82.25,5.2,33,86.5,109.5,3.35,11.17,2009,6
"Darren Collison","PG",166.2,73.5,5.7,33.5,75,96.5,3.1,10.45,2009,9
"Dante Cunningham","PF",227.4,80.25,4.8,35,83,106.5,3.26,11.18,2009,9
"Stephen Curry","PG-SG",181,75.25,5.7,35.5,75.5,97,3.28,11.07,2009,9
"Austin Daye","SF-PF",191.8,82.75,5.5,28,86.75,110,3.55,12.11,2009,6
"DeMar DeRozan","SG-SF",211.2,78.5,4.9,38.5,81,102.5,3.31,11.88,2009,9
"Toney Douglas","PG",183.4,74,5.2,32.5,78,97.5,3.03,10.63,2009,8
"Wayne Ellington","SG",202.4,77.25,5.5,38,78.5,100,3.2,11.14,2009,9
"Tyreke Evans","PG-SG",220.6,77.25,7.1,34,83.25,104,3.17,11.81,2009,9
"Jonny Flynn","PG",195.6,72.75,6.3,40,76,95.5,3.23,10.86,2009,3
"Taj Gibson","PF",214.4,81.75,6.6,30,88,109,3.41,11.56,2009,9
"Danny Green","SG-SF",208,78.5,5.6,33,82,103,3.3,11.3,2009,9
"Blake Griffin","PF",248.4,82,8.2,35.5,83.25,105,3.28,10.95,2009,8
"Tyler Hansbrough","PF",234.2,81.5,8.5,34,83.5,106,3.27,11.12,2009,7
"James Harden","SG",222,77.25,10.1,37,82.75,103.5,3.13,11.1,2009,9
"Gerald Henderson","SG-SF",214.6,77,4.4,35,82.25,102.5,3.14,11.17,2009,8
"Josh Heytvelt","PF-C",246.2,83,10.8,34,85.25,108,3.38,11.67,2009,0
"Jordan Hill","PF-C",232.4,82.25,6,35,85.5,108,3.3,12.23,2009,8
"Jrue Holiday","PG-SG",199,76.25,6.3,34,79,100.5,3.21,10.64,2009,9
"Joe Ingles","SF",209.2,80.25,10.1,31,82.25,105,3.3,10.66,2009,4
"James Johnson","SF-PF",257.2,79.75,12,35,84.75,105.5,3.23,11.21,2009,9
"Ty Lawson","PG",196.6,72.5,6.6,36.5,72.75,94.5,3.12,10.98,2009,8
"Eric Maynor","PG",163.6,75.25,5.4,31.5,74.5,97,3.19,10.78,2009,5
"Jack McClinton","SG-PG",185.2,72.75,6.2,36.5,74.5,96,3.21,10.44,2009,0
"Jerel McNeal","SG",190.4,75,5.4,36.5,79.25,99.5,3.25,10.61,2009,1
"Jodie Meeks","SG",211.4,76,8,37,76.5,98,3.1,10.96,2009,9
"Patty Mills","PG",175.4,72.5,6.9,33,74,95,3.1,10.87,2009,9
"Byron Mullens","C",258.2,85.25,8.5,32.5,85.5,111,3.45,11.1,2009,5
"A.J. Price","PG",192.8,74,12.4,31,75.75,97,3.22,10.99,2009,6
"Tyler Smith","SF",212,78,7,33.5,81.75,104.5,3.24,10.69,2009,0
"DaJuan Summers","SF",243,80.5,6.6,34.5,84.75,106.5,3.17,10.94,2009,4
"Jermaine Taylor","SG",207.4,76.75,5.8,37.5,80.75,101,3.32,11.54,2009,2
"Jeff Teague","PG",175.2,73.5,4.5,36.5,79.5,98.5,3.18,11.05,2009,9
"Hasheem Thabeet","C",267.2,86.5,6.7,0,90.25,113,0,0,2009,5
"Marcus Thornton","SG",194.4,75.75,4.8,33,77,99,3.28,10.73,2009,8
"Terrence Williams","SG-SF",213.2,78.25,5.1,37,81,103.5,3.18,11.15,2009,4
"Sam Young","SF-SG",222.8,78.75,4.9,33,82.75,105.5,3.45,11.47,2009,4
"Solomon Alabi","C",237.4,84.75,5,26,89,113,3.68,13.2,2010,2
"Cole Aldrich","C",236,83.25,8.5,28,88.75,111.5,3.35,11.48,2010,8
"Al-Farouq Aminu","SF",216,80.5,8.2,33.5,87.25,108.5,3.3,11.29,2010,8
"James Anderson","SF",207.6,77.75,7.9,35.5,80.5,104,3.19,11.86,2010,5
"Luke Babbitt","SF-PF",217.8,80.75,5.6,37.5,83.25,104.5,3.4,10.98,2010,8
"Eric Bledsoe","PG",191.6,73.5,5.6,0,79.5,98,0,0,2010,8
"Trevor Booker","PF",235.8,79.5,7.3,36,81.75,106,3.1,11.15,2010,8
"Craig Brackins","PF-SF",229,81.75,7.9,35,84,109,3.39,11.65,2010,2
"Avery Bradley","SG-PG",180.4,75.25,4,37.5,79.25,98.5,3.14,11.47,2010,8
"Derrick Caracter","PF",280,81.5,12.8,30.5,84.25,107.5,3.61,12.78,2010,1
"Sherron Collins","PG",217.2,71.75,9.2,33,74.5,94,3.24,12.31,2010,1
"DeMarcus Cousins","C",291.8,82.75,16.4,27.5,89.75,113,3.55,11.4,2010,8
"Jordan Crawford","SG",198.4,76.5,4.9,34.5,79,101,3.37,11.03,2010,6
"Ed Davis","PF",226.6,81.75,10,36,84,108,3.21,11.7,2010,8
"Devin Ebanks","SF",207.8,80.25,7.9,32,84.25,107.5,3.44,11.69,2010,3
"Derrick Favors","PF",245.2,82.25,6.5,35.5,88,110,3.25,11.74,2010,8
"Keith Gallon","PF-C",301.8,81.5,15.1,28.5,88.5,109.5,3.7,13.44,2010,0
"Charles Garcia","SF",231.6,81.25,7,30.5,85.75,107.5,3.23,11.65,2010,0
"Paul George","SF",214.4,80.75,5,0,83.25,107,0,0,2010,8
"Luke Harangody","PF",240.2,79.75,11.1,28.5,81.5,106,3.41,11.83,2010,2
"Manny Harris","SG",185.1,77.5,3.8,0,79.25,102,0,0,2010,4
"Lazar Hayward","SG-SF",225.8,77.75,7.5,36,84.75,102,3.31,10.87,2010,3
"Gordon Hayward","SF",211,80,6.9,34.5,79.75,103,3.22,11.73,2010,8
"Xavier Henry","SG",210.2,78.5,4.7,36.5,83.25,105,3.18,11.1,2010,5
"Darington Hobson","SG-SF",203.6,78.5,6.2,34,81.25,104.5,3.25,11.68,2010,1
"Damion James","SF",226.6,79.75,9.6,33,84.75,107,3.2,10.89,2010,4
"Armon Johnson","PG-SG",195.2,75.25,5.6,38.5,80,99.5,3.19,11.25,2010,2
"Wesley Johnson","SF",206.4,79.25,4.6,37,85,106,3.14,11.43,2010,8
"Dominique Jones","SG",216,77,5.9,32.5,81.25,101,3.31,10.88,2010,3
"Jerome Jordan","C",244.2,84.75,6.9,0,89.25,113,0,0,2010,2
"Sylven Landesberg","SG",210,78.25,11.6,32,81,100.5,3.36,11.59,2010,0
"Gani Lawal","PF",233.4,81,6.3,31.5,84,107.5,3.24,11.61,2010,1
"Greg Monroe","PF-C",246.6,83,11.2,29,86.25,108.5,3.35,12.1,2010,8
"Daniel Orton","C",269.2,81.5,13.8,30.5,88.25,110.5,3.39,12.32,2010,3
"Artsiom Parakhouski","C",268.2,83.75,6,26.5,85,109.5,3.33,12.07,2010,0
"Patrick Patterson","PF",239.6,81.25,5.3,33.5,85.25,107,3.25,11.14,2010,8
"Dexter Pittman","PF-C",302.6,83.5,20.8,0,90,111,0,0,2010,4
"Andy Rautins","SG",191.6,77,6.2,30.5,79,100,3.49,11.27,2010,1
"Ryan Richards","PF",230.2,83.75,8,28.5,85.5,110,3.37,11.33,2010,0
"Stanley Robinson","SF",213.2,79.75,8.3,37.5,84,107.5,3.23,11.65,2010,0
"Larry Sanders","PF-C",222.4,82.5,4.6,28,89.75,112,3.27,12.49,2010,6
"Jon Scheyer","PG-SG",180,78,5.4,0,75.25,99,0,0,2010,0
"Lance Stephenson","SG",227,77.75,9.3,33,82.5,103,3.38,11.39,2010,8
"Mikhail Torrance","PG",208.8,77,7,32,79.5,103,3.17,11.43,2010,0
"Evan Turner","SG",213.8,79,8.6,34.5,80,103.5,3.27,11.06,2010,8
"Ekpe Udoh","PF",237.4,81.75,8,33.5,88.5,106.5,3.29,11.15,2010,6
"Jarvis Varnado","PF-C",210.2,82,9.5,32.5,87.5,109.5,3.37,11.61,2010,2
"Greivis Vasquez","PG-SG",210.8,78.5,8.6,0,79,101,0,0,2010,7
"John Wall","PG",195.6,76,5.6,39,81.25,101.5,3.14,10.84,2010,8
"Willie Warren","SG-PG",208.4,75.75,7.6,31.5,78,99.5,3.5,11.21,2010,1
"Terrico White","SG-PG",202.6,77,3.7,40,81,101,3.15,11.38,2010,0
"Hassan Whiteside","C-PF",226.6,83.5,5.5,31.5,91,113,3.54,11.83,2010,6
"Keith Benson","C-PF",217,83,6.1,36,87.75,109.5,3.35,11.88,2011,1
"Marshon Brooks","SG",194.6,77.25,5.2,38.5,85,101,3.09,10.74,2011,0
"Alec Burks","SG",192.6,78,5.1,36,82,103.5,3.17,10.96,2011,7
"Jimmy Butler","SF",222.2,79.75,5.4,39,79.5,101.5,3.15,11.12,2011,7
"Norris Cole","PG",174.4,73.75,4.7,38.5,74.25,95.5,3.22,10.07,2011,6
"Jon Diebler","SG",196.6,78.5,8.5,35,78,99,3.37,10.94,2011,0
"Michael Dunigan","PF-C",237.6,82,8,34.5,87.25,107.5,3.27,11.85,2011,0
"LaceDarius Dunn","SG",187.8,76,5.5,31,78.25,101,3.27,11.45,2011,0
"Kenneth Faried","PF",224.6,79.5,6.3,35,84,108,3.26,11.35,2011,7
"James Fredette","PG",196,74.5,7.7,33,76.5,96.5,3.21,10.42,2011,0
"Andrew Goudelock","PG",197.6,74.75,9.9,37,76.25,96.5,3.1,10.33,2011,3
"Jordan Hamilton","SF",228.4,80.5,9.8,32,81.5,104,3.3,11.47,2011,5
"Justin Harper","PF-SF",228,80.75,4,33,83.75,106,3.3,11.92,2011,3
"Tobias Harris","SF-PF",222.8,79.75,8.4,37.5,83,103.5,3.17,10.96,2011,7
"Tyler Honeycutt","SF",186.8,80.25,5.3,37,81,105,3.07,11.68,2011,2
"Scotty Hopson","SG",204.6,78.5,4.8,36,82.5,103.5,3.18,10.47,2011,1
"Kyrie Irving","PG",191,75.5,10.2,0,76,99,0,0,2011,7
"Rick Jackson","PF",241.8,81.25,8.3,33,86,106.5,3.26,11.51,2011,0
"Charles Jenkins","PG-SG",216.4,75.25,4.3,34,79.5,96.5,3.18,11.68,2011,2
"JaJuan Johnson","PF",219.8,82,7.5,38,86,107.5,3.14,11.21,2011,1
"Cory Joseph","PG",186.2,75.25,9.7,35,77.5,99,3.27,10.75,2011,7
"Enes Kanter","PF-C",259.2,83.25,5.9,32.5,85.5,109.5,3.26,11.3,2011,7
"Brandon Knight","PG",176.8,75.25,4.2,37.5,78.75,98.5,3.07,10.74,2011,6
"Malcolm Lee","SG",198.2,77.5,5.9,35.5,81.75,101.5,3.09,11.2,2011,3
"Kawhi Leonard","SF",227.4,79,5.4,32,87,106,3.15,11.45,2011,7
"Travis Leslie","SG",205,76.25,8.1,40.5,82.5,103,3.13,11,2011,1
"Jon Leuer","PF",223.2,83.5,5.4,36.5,84,105.5,3.36,10.82,2011,7
"DeAndre Liggins","SF-SG",202.2,78.25,5,31,83,103.5,3.33,0,2011,5
"David Lighty","SG",216.2,78.5,6.5,33,80,101,3.25,10.81,2011,0
"Shelvin Mack","PG",209,74.5,7.1,39,79.5,96.5,3.18,11.23,2011,7
"Demetri McCamey","PG",204,75.25,6.1,33,78.25,99.5,3.19,11.55,2011,0
"E'Twaun Moore","SG",191.4,76,7.6,34.5,81.5,99.5,3.31,11.12,2011,7
"Darius Morris","PG-SG",190,77.25,5.3,32,79.5,102,3.2,11,2011,4
"Marcus Morris","PF-SF",229.6,80.75,8,33,82,105.5,3.15,0,2011,7
"Markieff Morris","PF",240.8,81.25,10.2,31.5,82.75,106.5,3.4,0,2011,7
"Chandler Parsons","SF",221.2,81.75,7,31.5,81.5,104.5,3.29,11.05,2011,7
"Jereme Richmond","SF",207.2,79.25,5.5,33.5,82.25,106.5,3.02,11.74,2011,0
"Josh Selby","SG-PG",194.6,75,7.9,42,77.25,98,3.2,11.13,2011,2
"Iman Shumpert","PG-SG",221.8,77.5,6.5,42,81.5,99.5,3.18,11.1,2011,7
"Kyle Singler","SF",228,80.5,10,30,82.1,106,3.21,11.22,2011,6
"Chris Singleton","SF",230.2,81,7.4,37.5,85,103.5,3.09,11.33,2011,3
"Jamie Skeen","PF",241.6,80,9.8,30.5,85.25,106.5,3.46,12.43,2011,0
"Gregory Smith","PF-C",252.8,81.25,7.4,36,86.5,106.5,3.36,12.43,2011,0
"Nolan Smith","PG",187.6,75.5,5.6,34,77.5,99,3.17,11.05,2011,2
"Isaiah Thomas","PG",186,70.25,6.7,40,73.75,91.5,3.14,10.49,2011,7
"Malcolm Thomas","PF",223,80.75,5.9,36.5,84.5,107.5,3.29,11.31,2011,4
"Trey Thompkins","PF",239,81.75,15.5,30.5,85,107.5,3.41,11.72,2011,1
"Klay Thompson","SG",205.6,79.25,8,31.5,81,103.5,3.24,10.99,2011,7
"Tristan Thompson","PF",227.4,80.75,6.2,35,85.25,108.5,3.26,10.92,2011,7
"Jeremy Tyler","PF-C",262.4,82.5,13.4,33.5,89,110.5,3.29,11.26,2011,3
"Nikola Vucevic","PF-C",259.8,83.75,6.1,25,88.5,112.5,3.27,12.02,2011,7
"Kemba Walker","PG",184,73,5.9,39.5,75.5,91.5,3.16,10.87,2011,7
"Derrick Williams","PF-SF",248.4,80.75,10.8,34.5,85.5,108,3.23,11.03,2011,6
"Jordan Williams","PF",247.2,81,12.1,30.5,84.25,106.5,3.45,12.74,2011,1
"Quincy Acy","PF",223.8,79.75,7.1,37,86.75,106.5,3.28,10.48,2012,6
"Harrison Barnes","SF-SG",227.8,80,9.6,39.5,83.25,101.5,3.16,10.93,2012,6
"Will Barton","SG-SF",174.4,78,4.1,34,81.75,102.5,3.6,12.5,2012,6
"Bradley Beal","SG",201.8,76.75,6,39,80,100,3.28,10.95,2012,6
"J'Covan Brown","PG",202.4,74.25,12.5,29.5,77.25,96,3.47,11.68,2012,0
"William Buford","SG-SF",214.6,77,11.3,32.5,81.5,102,3.43,11.4,2012,0
"Jae Crowder","SF",241.2,78.5,9,34.5,81.25,99.5,3.37,11.45,2012,6
"Jared Cunningham","SG-PG",187.6,77,3.6,0,78.5,98,0,0,2012,4
"Anthony Davis","PF-C",221.8,82.5,7.9,0,89.5,108,0,0,2012,6
"Marcus Denmon","SG",188.2,75.25,6.6,40,77,94.5,3.19,10.82,2012,0
"Andre Drummond","C",278.6,83.75,7.5,33.5,90.25,109.5,3.39,10.83,2012,6
"Kim English","SG",192,77.75,4.3,36.5,78.5,98,3.33,10.59,2012,1
"Festus Ezeli","C-PF",264.2,83.5,5.5,33.5,89.75,108,3.29,12.35,2012,3
"Drew Gordon","PF",239,80.75,9.1,34,83.5,103.5,3.49,11.35,2012,1
"Draymond Green","PF-SF",235.6,79.5,11.3,33,85.25,105,3.4,11.01,2012,6
"JaMychal Green","PF",217.4,81,9.8,32.5,86.25,106.5,3.38,10.63,2012,4
"Maurice Harkless","SF",206.6,80.75,5.3,37,84,102.5,3.25,10.87,2012,6
"John Henson","PF",216,82.5,8.6,30,89,112,0,0,2012,6
"Tu Holloway","PG",186.8,71.75,8.5,35,77.5,94.5,3.42,11,2012,0
"Robbie Hummel","SF",218,80.5,9.4,30,80.5,102,3.41,11.56,2012,2
"Bernard James","PF",229.8,82,5,32.5,87,108.5,3.4,11.84,2012,3
"John Jenkins","SG",212,76.25,7.1,36.5,80.5,98,3.37,11.36,2012,5
"Orlando Johnson","SG",223.8,77.25,7,39.5,83.25,99,3.25,10.98,2012,3
"Darius Johnson-Odom","SG",212,75,7,41.5,79,96,3.21,10.76,2012,2
"Perry Jones","PF-SF",233.8,83.25,4.6,38.5,85.75,107,3.19,11.31,2012,3
"Terrence Jones","PF-SF",252,81.5,7.7,34.5,86.25,107,3.4,11.57,2012,5
"Kevin Jones","PF",251.2,79.5,11.2,32.5,85.5,105,3.6,11.94,2012,1
"Kris Joseph","SG",215,79,8.6,35,83,104,3.46,0,2012,1
"Michael Kidd-Gilchrist","SF",232.8,79.5,7,35.5,84,104.5,3.18,11.77,2012,6
"Doron Lamb","SG-PG",199.4,76.75,6.7,33.5,78.75,98.5,3.41,11.12,2012,2
"Jeremy Lamb","SG",179.2,77.25,4.5,38,83,102,3.25,10.98,2012,6
"Meyers Leonard","C",249.8,85.25,5.7,32.5,87,108,3.41,11.34,2012,6
"Damian Lillard","PG",188.8,74.75,5.9,39.5,79.75,95.5,3.34,11.15,2012,6
"Scott Machado","PG",205.8,74,5.8,32.5,76,94.5,3.3,11.26,2012,1
"Kendall Marshall","PG",198.4,76.25,7.8,37,77.5,96,3.23,12.03,2012,4
"Fab Melo","C",255,84,9.2,31,86.5,110,3.44,12.14,2012,1
"Khris Middleton","SF",216.2,80.25,7.8,31,82.75,103,3.47,11.45,2012,6
"Darius Miller","SF-SG",233.4,79.5,7.5,37,81,101,3.31,11.34,2012,4
"Quincy Miller","SF",218.7,82,7.8,36,85.25,105,3.48,11.05,2012,3
"Tony Mitchell","SG",216.4,78.25,5.7,40,82,100,3.47,11.72,2012,1
"Arnett Moultrie","PF",232.8,82.75,7.7,37.5,86.25,106.5,3.22,11.32,2012,2
"Kevin Murphy","SG",194,78.25,5.8,36.5,78.75,99,3.42,10.97,2012,1
"Andrew Nicholson","PF",234,81.5,7.6,30.5,88,107,3.67,11.89,2012,5
"Kyle O'Quinn","PF",240.8,82,8,31.5,88.75,106.5,3.53,11.65,2012,6
"Miles Plumlee","PF-C",252.4,83.75,11.4,40.5,84.75,105.5,3.36,10.64,2012,6
"Austin Rivers","SG-PG",202.8,77,6.2,37.5,79.25,96.5,3.32,11.54,2012,6
"Thomas Robinson","PF",244.2,80.75,5,35.5,87.25,106,3.17,11.96,2012,5
"Terrence Ross","SG-SF",196.6,79,3.2,37.5,79.25,100.5,3.28,11.78,2012,6
"Tomas Satoransky","PG-SG",200.6,79.5,5.2,0,79.25,100,0,0,2012,2
"Mike Scott","PF",240.8,80.75,10.6,32.5,82.75,104,3.44,11.59,2012,6
"Henry Sims","C-PF",241.2,83.75,7.7,29.5,88,108,3.44,12.33,2012,4
"Jared Sullinger","PF",268.2,81,10.7,31,85.25,105.5,3.81,12.77,2012,5
"Jeff Taylor","SF-SG",212.8,79.25,4.2,40,78.25,101.5,3.29,10.87,2012,0
"Jordan Taylor","PG",192.8,74,5.5,36.5,75,92.5,3.19,10.57,2012,0
"Tyshawn Taylor","PG",177,76,4.2,36.5,78.25,97.5,3.2,11.48,2012,2
"Marquis Teague","PG",179.8,74,6.3,40.5,79.25,96.5,3.19,10.65,2012,2
"Hollis Thompson","SF",206,80,6,36.5,81.5,102.5,3.38,11.72,2012,4
"Dion Waiters","SG",221,76,8.5,0,79.25,98,0,0,2012,6
"Royce White","PF",260.6,80,10.6,0,84,104.5,0,0,2012,1
"Tony Wroten","PG",203.2,78,5.2,35.5,81,101,3.24,10.75,2012,4
"Tyler Zeller","PF-C",247.4,84.5,6.4,34,84,104.5,3.4,11.13,2012,6
"Steven Adams","C",254.5,84,6.65,33,88.5,109.5,3.4,11.85,2013,5
"Vander Blue","SG",197.4,77.25,4.6,37.5,78,100.5,3.14,10.4,2013,3
"Lorenzo Brown","PG",189.2,77.25,3.95,34,79,100,3.4,11.78,2013,4
"Reggie Bullock","SG-SF",199.8,79,6.95,36.5,80.75,102,3.31,11.33,2013,5
"Trey Burke","PG",187,73.25,6.9,36.5,77.5,97.5,3.16,11.2,2013,5
"Kentavious Caldwell-Pope","SG",203.6,77.5,6.45,34.5,80,100.5,3.12,10.6,2013,5
"Isaiah Canaan","PG",188.4,72,5.9,40.5,76.5,94.5,3.22,10.98,2013,5
"Jackie Carmichael","PF",241.2,81,5.8,32,85.5,107,3.35,11.83,2013,0
"Michael Carter-Williams","PG",184.4,77.75,4.4,41,79.25,101,3.22,10.68,2013,5
"Will Clyburn","SF-SG",210.4,79,6.85,34.5,84.25,105,3.38,11.68,2013,0
"Robert Covington","SF-PF",208.6,79.5,4.7,36,85.75,106,3.34,11.69,2013,5
"Allen Crabbe","SG",197.4,78.25,4.65,36,83.25,103.5,3.32,10.67,2013,5
"Seth Curry","SG",179.2,75,9.6,0,76,97.5,0,0,2013,4
"Brandon Davies","PF",241.8,82.25,8.6,31.5,85.5,108.5,3.5,11.22,2013,2
"Dewayne Dedmon","C",238.8,83.5,8.35,32.5,88,109,3.4,12.75,2013,5
"Gorgui Dieng","C",229.6,82.75,5.35,0,87.5,111.5,0,0,2013,5
"James Ennis","SF",200.8,79,4.5,36.5,83.5,104.5,3.4,11.55,2013,4
"Carrick Felix","SF-SG",202.6,78.25,3.3,38.5,81.25,103.5,3.25,11.16,2013,1
"Jamaal Franklin","SG-SF",190.8,77.25,8.25,0,83.25,103.5,0,0,2013,2
"Rudy Gobert","C",237.6,86,4.4,29,92.5,115,3.57,12.85,2013,5
"Archie Goodwin","SG",189,77.25,4.55,36,81.5,102,3.27,10.75,2013,4
"Erick Green","PG",178.2,75,4.35,0,77.75,98,0,0,2013,2
"Tim Hardaway Jr.","SG",199.4,78.25,6.05,37.5,79,101,3.25,10.68,2013,0
"Solomon Hill","SF",226,79,7.6,37.5,81,103,3.19,10.77,2013,4
"Richard Howell","PF",249.6,79.5,8.75,0,82.25,105.5,0,0,2013,0
"Colton Iverson","C",262.8,84,9.6,30,86,110,3.52,11.52,2013,0
"Pierre Jackson","PG",176,70.5,4.5,0,70,90,0,0,2013,1
"Grant Jerrett","PF",232,82.25,10.05,34,86,109,3.51,11.85,2013,1
"Myck Kabongo","PG",180.4,74.75,6,33.5,78.25,98,3.44,10.64,2013,0
"Kenny Kadji","PF-C",241.6,82,7.45,38,87,106.5,3.44,11.47,2013,0
"Ryan Kelly","PF",228,83.75,14.75,0,83.5,110,0,0,2013,4
"Shane Larkin","PG",170.8,71.5,3.8,44,70.75,89.5,3.08,10.64,2013,4
"Ricky Ledo","SG",197.2,78,10.25,33.5,79.25,102.5,3.32,10.72,2013,2
"Alex Len","C",0,0,6.4,0,87.5,0,0,0,2013,5
"CJ Leslie","PF-SF",209.2,80.75,7.95,40.5,86.25,104.5,3.1,10.19,2013,0
"Trevor Mbakwe","PF",235.8,80,5.9,36.5,88,106.5,3.32,12.01,2013,0
"Ray McCallum","PG",191.4,73.75,7.3,40,75.25,96.5,3.25,10.82,2013,3
"CJ McCollum","PG-SG",197,75.25,8.6,38.5,78.25,96.5,3.32,11.02,2013,0
"Ben McLemore","SG",189.2,76.75,5,42,79.75,100.5,3.27,11.87,2013,5
"Tony Mitchell","PF-SF",236.4,80.75,5.55,38,86.5,106.5,3.52,11.82,2013,1
"Shabazz Muhammad","SF-SG",221.8,78.25,9,37,83,104.5,3.32,10.99,2013,5
"Erik Murphy","PF",239.8,81.5,7.95,29.5,82.5,108,3.57,12.19,2013,1
"Mike Muscala","C-PF",230.2,83.5,6.8,33.5,85,108,3.44,11.76,2013,5
"Nerlens Noel","C",206.4,83.75,4.15,0,87.75,110,0,0,2013,4
"Victor Oladipo","SG",213.2,76.25,6.55,42,81.25,100.5,3.25,10.69,2013,5
"Kelly Olynyk","PF-C",234,84,6.65,29.5,81.75,108,3.59,11.42,2013,5
"Brandon Paul","SG",201,76,5.25,39.5,82.25,98,3.37,11.16,2013,1
"Norvel Pelle","PF-C",207.2,82.5,5.15,34.5,86.5,109,3.32,11.49,2013,0
"Mason Plumlee","C-PF",238.2,84.5,6.15,36,83,108,3.29,10.89,2013,5
"Otto Porter","SF",197.6,80.5,6.65,36,85.5,105.5,3.4,11.25,2013,5
"Phil Pressey","PG",177,71.5,4.7,38.5,74.25,92,3.13,10.86,2013,3
"Glen Rice","SF-SG",210.8,77.75,8.45,40.5,81.25,101.5,3.25,10.99,2013,7
"Andre Roberson","PF-SF",205.8,79,7.05,36.5,83,104.5,3.34,11.36,2013,5
"Dennis Schroder","PG",164.8,74,4.1,34,79.75,98,3.21,11.09,2013,5
"Peyton Siva","PG",180.6,73,6.05,41.5,75,93,3.16,10.59,2013,1
"Tony Snell","SF-SG",198.2,79.25,4.85,36.5,83.5,105.5,3.25,11.36,2013,5
"James Southerland","SF-PF",220.6,80,8.05,32,85,106,3.38,10.9,2013,1
"Adonis Thomas","SF",231.8,77.75,7.5,40.5,85,99,3.32,11.64,2013,1
"Deshaun Thomas","SF",219.8,79,9.1,32,82,104,3.53,12.94,2013,0
"Jeff Withey","C",221.8,84.5,8.65,29,86,110.5,3.47,12.49,2013,5
"Nate Wolters","PG",196.4,76.75,5.5,0,75.75,98,0,0,2013,3
"BJ Young","SG-PG",178.8,75.5,4.7,0,80.25,99,0,0,2013,0
"Cody Zeller","C-PF",230,84.25,4.75,37.5,82.75,106,3.15,10.82,2013,5
"Jordan Adams","SG",208.8,76.75,10.8,29.5,82,102,3.5,12.13,2014,2
"Kyle Anderson","SF",230.1,80.5,13.35,0,86.75,107.5,0,0,2014,4
"Thanasis Antetokounmpo","SF",205.2,78.25,6.05,39.5,84,104.5,3.18,11.39,2014,1
"Isaiah Austin","PF",219.5,84.5,7.5,29.5,88.5,112.5,3.55,11,2014,0
"Jordan Bachynski","PF",254.1,86,7.45,33,88,108.5,3.36,12.15,2014,0
"Cameron Bairstow","PF",252.4,81.75,8.7,33.5,84.75,107,3.37,11.39,2014,2
"Khem Birch","PF",208.8,81.25,6,35.5,85,107,3.26,11.6,2014,1
"Jabari Brown","SG",201.9,76.25,6.05,32,80.25,100,3.5,11.6,2014,1
"Markel Brown","SG",184.4,75.5,4.2,43.5,80.75,100,3.18,12.62,2014,3
"Alec Brown","PF",231.2,85.25,7.7,30,85.5,109,3.48,12.05,2014,0
"Deonte Burton","PG",192.8,73.25,7.65,39.5,79,97.5,3.28,11.28,2014,0
"Jahii Carson","PG",179.6,71,6.45,43.5,74,93,3.24,11.26,2014,0
"Semaj Christon","PG",186,75.25,5.25,36.5,78.5,99,3.32,11.55,2014,1
"Jordan Clarkson","PG",186.3,77,4.3,38.5,80,98,3.28,10.76,2014,4
"Aaron Craft","PG",191.6,73.75,6.1,32,74,94.5,3.26,10.78,2014,0
"DeAndre Daniels","SF",196,80.5,3.85,32,86,106.5,3.44,11.46,2014,0
"Spencer Dinwiddie","PG",204.9,78,5.35,0,80.25,103,0,0,2014,4
"Cleanthony Early","SF",209.4,79.25,4.45,40,82.75,101.5,3.18,11.15,2014,2
"Melvin Ejim","SF",218.5,79,6.45,35,83.25,103.5,3.14,11.55,2014,0
"Tyler Ennis","PG",181.5,74.5,6.2,36,79.25,98,3.3,11.12,2014,4
"Dante Exum","SG",196.3,78,6.4,34.5,81.5,103,3.19,10.75,2014,2
"C.J. Fair","SF",218.1,80,5.05,35,81.5,104,3.32,11,2014,0
"Aaron Gordon","PF",220.1,80.75,5.05,39,83.75,105,3.27,10.81,2014,4
"Jerami Grant","SF",214,79.75,3.75,0,86.75,107,0,0,2014,4
"P.J. Hairston","SG",228.8,77.25,8.2,37,81,101,3.32,11.12,2014,2
"Gary Harris","SG",204.8,76.5,4.55,0,78.75,96,0,0,2014,4
"Joe Harris","SG",215,78.25,6.2,33.5,78,100,3.31,11.11,2014,4
"Rodney Hood","SF",208.2,80.5,7.45,36,80.5,103,3.38,11.21,2014,4
"Cory Jefferson","PF",218.4,81,5.25,37.5,84.5,105,3.36,12.63,2014,2
"Nick Johnson","SG",198,75,6.05,41.5,79.25,96.5,3.27,10.8,2014,1
